#YY  MM DD hh mm WVHT  SwH  SwP  WWH  WWP SwD WWD  STEEPNESS  APD MWD
#yr  mo dy hr mn    m    m  sec    m  sec  -  degT     -      sec degT
2026 08 11 21 26  0.6  0.4 12.5  0.4  9.9 SSE   S        N/A  4.9 167
2026 08 11 20 56  0.7  0.5 12.5  0.4  9.1   S  SW        N/A  7.1 170
2026 08 11 20 26  0.7  0.5 11.8  0.4  9.9 SSE   S        N/A  7.5 167
2026 08 11 19 56  0.6  0.5 12.5  0.4  9.9 SSE SSW        N/A  7.5 164
2026 08 11 19 26  0.7  0.5 13.3  0.4  9.1   S SSW        N/A  8.2 169
2026 08 11 18 56  0.6  0.5 12.5  0.4  9.9   S SSW        N/A  8.3 171
2026 08 11 18 26  0.6  0.5 13.3  0.4  9.9   S   S        N/A  7.7 176
2026 08 11 17 56  0.7  0.5 12.5  0.4  9.9   S  SW        N/A  7.5 173
2026 08 11 17 26  0.6  0.5 13.3  0.4  9.9   S SSW        N/A  7.4 171
2026 08 11 16 56  0.7  0.5 13.3  0.4  9.9   S  SW        N/A  7.3 174
2026 08 11 16 26  0.7  0.5 13.3  0.5  9.9   S  SW        N/A  7.4 178
2026 08 11 15 56  0.7  0.5 13.3  0.5  9.1 SSE  SW        N/A  7.2 166
2026 08 11 15 26  0.7  0.6 13.3  0.4  9.9   S  SW        N/A  7.5 173
2026 08 11 14 56  0.8  0.7 12.5  0.4  7.7 SSE   W        N/A  8.2 167
2026 08 11 14 26  0.7  0.6 13.3  0.4  7.1   S   W        N/A  7.9 173
2026 08 11 13 56  0.7  0.5 12.5  0.4  9.9   S SSW        N/A  7.2 169
2026 08 11 13 26  0.7  0.6 13.3  0.4  9.1   S WSW        N/A  7.8 169
2026 08 11 12 56  0.7  0.6 13.3  0.4  9.9 SSE SSW        N/A  7.5 167
2026 08 11 12 26  0.7  0.5 13.3  0.5  9.9   S  SW        N/A  6.4 180
2026 08 11 11 56  0.8  0.6 13.3  0.5  9.1   S WSW        N/A  7.0 177
2026 08 11 11 26  0.7  0.5 14.3  0.5  7.7 SSE   W        N/A  6.2 161
2026 08 11 10 56  0.7  0.5 13.3  0.5  8.3   S WSW        N/A  6.3 171
2026 08 11 10 26  0.6  0.4 12.5  0.5  9.9   S   W        N/A  5.7 176
2026 08 11 09 56  0.7  0.5 14.3  0.5  9.1   S  SW        N/A  6.4 171
2026 08 11 09 26  0.7  0.5 14.3  0.5  9.9   S WSW        N/A  6.9 180
2026 08 11 08 56  0.7  0.6 13.3  0.5  9.9   S WSW        N/A  7.4 173
2026 08 11 08 26  0.7  0.6 13.3  0.4  9.9   S  SW        N/A  6.9 177
2026 08 11 07 56  0.7  0.6 13.3  0.5  9.9   S  SW        N/A  6.6 181
2026 08 11 07 26  0.7  0.5 14.3  0.5  9.9 SSE  SW        N/A  6.1 167
2026 08 11 06 56  0.8  0.6 13.3  0.5  9.1   S  SW        N/A  6.6 178
2026 08 11 06 26  0.8  0.6 12.5  0.5  9.9   S  SW        N/A  6.4 180
2026 08 11 05 56  0.8  0.5 14.3  0.5  8.3 SSE WSW        N/A  5.8 164
2026 08 11 05 26  0.8  0.6 13.3  0.5  9.9   S WSW      SWELL  6.1 173
2026 08 11 04 56  0.8  0.6 14.3  0.6  9.1   S  SW      SWELL  5.6 171
2026 08 11 04 26  0.8  0.6 13.3  0.6  9.1   S WSW      SWELL  5.4 184
2026 08 11 03 56  0.9  0.6 13.3  0.6  9.9   S  SW      SWELL  5.9 169
2026 08 11 03 26  0.8  0.5 14.3  0.7  8.3 SSE WSW    AVERAGE  5.2 167
2026 08 11 02 56  0.9  0.6 13.3  0.6  3.3   S   W      SWELL  5.4 174
2026 08 11 02 26  0.9  0.6 14.3  0.6  9.1   S WSW      SWELL  5.5 180
2026 08 11 01 56  0.8  0.6 14.3  0.6  3.2   S   W      SWELL  5.2 176
2026 08 11 01 26  0.8  0.6 14.3  0.6  9.9   S SSW        N/A  5.5 188
2026 08 11 00 56  0.8  0.6 13.3  0.5  9.1   S WSW        N/A  5.8 174
2026 08 11 00 26  0.8  0.6 14.3  0.5  9.9 SSE SSW      SWELL  6.2 166
2026 08 10 23 56  0.9  0.7 14.3  0.5  9.1   S   S      SWELL  6.7 169
2026 08 10 23 26  0.8  0.6 13.3  0.5  9.9   S   S        N/A  5.9 174
2026 08 10 22 56  0.8  0.6 14.3  0.5  9.9   S SSW        N/A  6.4 174
2026 08 10 22 26  0.8  0.6 14.3  0.4  9.9   S SSW        N/A  6.9 178
2026 08 10 21 56  0.8  0.7 14.3  0.4  9.1   S SSW        N/A  7.4 174
2026 08 10 21 26  0.7  0.6 14.3  0.4  9.9   S   S        N/A  6.7 176
2026 08 10 20 56  0.8  0.7 14.3  0.4  9.1 SSE   S        N/A  7.6 166
2026 08 10 20 26  0.6  0.5 14.3  0.4  9.9   S SSW        N/A  6.3 170
2026 08 10 19 56  0.7  0.5 14.3  0.4  9.9   S   S        N/A  6.7 169
2026 08 10 19 26  0.7  0.6 14.3  0.4  9.9   S   S        N/A  6.7 171
2026 08 10 18 56  0.7  0.6 14.3  0.4  9.9   S SSW        N/A  6.7 178
2026 08 10 18 26  0.7  0.6 14.3  0.4  4.0   S   W        N/A  6.6 174
2026 08 10 17 56  0.7  0.6 14.3  0.4  9.9   S SSE        N/A  7.4 180
2026 08 10 17 26  0.7  0.5 14.3  0.4  5.0   S   W        N/A  7.3 170
2026 08 10 16 56  0.6  0.5 14.3  0.4  9.9  SE SSE        N/A  6.7 136
2026 08 10 16 26  0.7  0.5 14.3  0.4  7.7   S   W        N/A  7.4 174
2026 08 10 15 56  0.7  0.6 14.3  0.4  7.7   S   W        N/A  8.0 170
2026 08 10 15 26  0.7  0.6 15.4  0.4  4.2   S   W        N/A  8.1 180
2026 08 10 14 56  0.7  0.6 15.4  0.4  4.0   S   W        N/A  7.9 177
2026 08 10 14 26  0.7  0.5 15.4  0.5  4.3   S   W        N/A  7.3 177
2026 08 10 13 56  0.7  0.5 15.4  0.5  7.7   S   W        N/A  7.4 170
2026 08 10 13 26  0.7  0.5 14.3  0.5  4.5   S WNW        N/A  7.2 178
2026 08 10 12 56  0.7  0.6 14.3  0.4  4.5   S WNW        N/A  7.8 178
2026 08 10 12 26  0.7  0.5 14.3  0.4  4.5   S WNW        N/A  7.3 188
2026 08 10 11 56  0.8  0.6 14.3  0.5  8.3   S   W        N/A  7.9 173
2026 08 10 11 26  0.7  0.5 14.3  0.5  8.3 SSW   W        N/A  6.9 194
2026 08 10 10 56  0.7  0.5 15.4  0.5  4.2   S   W        N/A  6.5 173
2026 08 10 10 26  0.8  0.6 14.3  0.5  9.9   S   S        N/A  7.2 177
2026 08 10 09 56  0.8  0.6 15.4  0.5  7.1   S WSW        N/A  7.2 171
2026 08 10 09 26  0.7  0.6 15.4  0.5  3.9   S   W        N/A  6.8 174
2026 08 10 08 56  0.7  0.5 15.4  0.5  7.7   S WSW        N/A  5.9 180
2026 08 10 08 26  0.8  0.6 14.3  0.5  8.3   S WSW        N/A  6.1 181
2026 08 10 07 56  0.8  0.7 15.4  0.5  7.7   S WSW      SWELL  6.8 174
2026 08 10 07 26  0.8  0.6 15.4  0.5  7.7 SSE WSW        N/A  6.3 167
2026 08 10 06 56  0.8  0.6 15.4  0.5  9.9 ESE   S        N/A  6.3 118
2026 08 10 06 26  0.8  0.6 15.4  0.5  5.9   S   W        N/A  6.2 173
2026 08 10 05 56  0.9  0.7 15.4  0.5  8.3   S  SW      SWELL  7.2 170
2026 08 10 05 26  0.8  0.6 15.4  0.5  6.2 SSW WSW        N/A  5.9 192
2026 08 10 04 56  0.8  0.6 15.4  0.5  9.9   S   S      SWELL  6.3 180
2026 08 10 04 26  0.7  0.5 15.4  0.6  3.7   S   W        N/A  5.2 173
2026 08 10 03 56  0.9  0.7 15.4  0.6  3.7 SSE WSW      SWELL  6.1 167
2026 08 10 03 26  0.8  0.6 15.4  0.6  3.6 SSE   W      SWELL  5.0 160
2026 08 10 02 56  0.8  0.5 15.4  0.6  3.7   S   W    AVERAGE  4.6 177
2026 08 10 02 26  0.9  0.6 15.4  0.6  3.5   S   W      SWELL  5.2 171
2026 08 10 01 56  0.9  0.6 15.4  0.6  3.1   S   W      SWELL  5.3 173
2026 08 10 01 26  0.8  0.6 15.4  0.6  6.7   S WSW      SWELL  5.5 173
2026 08 10 00 56  0.8  0.6 15.4  0.6  2.8 SSE   W      SWELL  5.5 166
2026 08 10 00 26  0.8  0.5 15.4  0.5  2.8   S   W        N/A  5.1 173
2026 08 09 23 56  0.8  0.5 15.4  0.6  5.6   S   W        N/A  5.0 177
2026 08 09 23 26  0.9  0.7 15.4  0.6  5.0   S   W      SWELL  5.9 176
2026 08 09 22 56  0.8  0.6 15.4  0.5  2.5   S   W        N/A  5.2 170
2026 08 09 22 26  0.7  0.5 15.4  0.5  8.3   S WSW        N/A  5.0 176
2026 08 09 21 56  0.7  0.5 15.4  0.5  5.9   S   W        N/A  5.2 171
2026 08 09 21 26  0.8  0.7 15.4  0.5  5.9   S   W      SWELL  6.3 173
2026 08 09 20 56  0.8  0.6 15.4  0.5  5.3   S   W        N/A  6.0 180
2026 08 09 20 26  0.8  0.6 15.4  0.5  6.2 SSE   W        N/A  6.3 159
2026 08 09 19 56  0.8  0.7 15.4  0.5  5.3   S   W      SWELL  6.9 183
2026 08 09 19 26  0.8  0.6 15.4  0.6  5.3 SSE   W      SWELL  6.3 154
2026 08 09 18 56  0.8  0.7 15.4  0.5  5.6   S   W      SWELL  6.9 174
2026 08 09 18 26  0.8  0.6 15.4  0.5  5.6   S   W      SWELL  6.3 171
2026 08 09 17 56  0.8  0.7 15.4  0.5  6.7   S   W      SWELL  7.1 171
2026 08 09 17 26  0.9  0.7 15.4  0.5  6.2   S   W      SWELL  8.1 183
2026 08 09 16 56  0.8  0.6 15.4  0.6  5.9   S WNW      SWELL  6.8 191
2026 08 09 16 26  0.8  0.5 16.7  0.6  5.9 SSE WNW        N/A  6.5 157
2026 08 09 15 56  0.9  0.6 15.4  0.6  5.6   S WNW      SWELL  7.4 181
2026 08 09 15 26  0.8  0.5 15.4  0.6  6.2  SE   W        N/A  7.2 132
2026 08 09 14 56  0.9  0.7 15.4  0.6  6.7   S   W      SWELL  8.1 178
2026 08 09 14 26  0.8  0.6 16.7  0.6  5.9   S WNW      SWELL  7.1 183
2026 08 09 13 56  1.0  0.7 15.4  0.7  6.2   S WNW      SWELL  7.5 187
2026 08 09 13 26  0.9  0.7 15.4  0.7  6.2   S WNW      SWELL  7.5 190
2026 08 09 12 56  0.9  0.6 15.4  0.7  6.2   S WNW    AVERAGE  6.6 181
2026 08 09 12 26  0.9  0.6 16.7  0.7  6.2   S   W    AVERAGE  6.6 174
2026 08 09 11 56  0.9  0.6 16.7  0.7  5.9   S WNW    AVERAGE  7.0 174
2026 08 09 11 26  0.9  0.6 16.7  0.7  5.6   S WNW    AVERAGE  6.5 177
2026 08 09 10 56  0.9  0.7 16.7  0.7  5.3   S WNW      SWELL  7.4 174
2026 08 09 10 26  0.9  0.6 16.7  0.7  5.3   S   W    AVERAGE  6.9 177
2026 08 09 09 56  0.8  0.4 16.7  0.7  5.3   S   W    AVERAGE  5.8 180
2026 08 09 09 26  1.0  0.7 16.7  0.7  5.3   S   W      SWELL  7.2 178
2026 08 09 08 56  0.8  0.4 16.7  0.6  5.3 SSE   W        N/A  5.5 167
2026 08 09 08 26  1.0  0.7 16.7  0.7  5.0   S   W      SWELL  6.3 181
2026 08 09 07 56  0.9  0.5 16.7  0.8  4.8   S   W    AVERAGE  5.3 177
2026 08 09 07 26  0.9  0.5 16.7  0.7  4.8   S   W    AVERAGE  5.0 174
2026 08 09 06 56  0.8  0.4 16.7  0.7  5.0 SSW   W    AVERAGE  4.8 195
2026 08 09 06 26  0.9  0.5 16.7  0.8  4.5 ESE   W    AVERAGE  4.9 111
2026 08 09 05 56  0.9  0.6 16.7  0.7  4.3   S   W    AVERAGE  5.2 176
2026 08 09 05 26  0.9  0.5 16.7  0.7  4.3 SSE   W    AVERAGE  4.9 157
2026 08 09 04 56  0.8  0.4 16.7  0.7  4.0   S   W    AVERAGE  4.5 184
2026 08 09 04 26  0.9  0.5 16.7  0.7  3.9   S   W    AVERAGE  5.0 180
2026 08 09 03 56  0.9  0.6 16.7  0.7  3.7 SSE   W    AVERAGE  5.1 163
2026 08 09 03 26  0.9  0.6 16.7  0.7  3.7 SSE   W    AVERAGE  5.2 164
2026 08 09 02 56  0.8  0.5 16.7  0.6  3.3 SSW   W        N/A  4.6 209
2026 08 09 02 26  0.8  0.5 16.7  0.7  3.5   S   W    AVERAGE  4.4 173
2026 08 09 01 56  0.9  0.5 16.7  0.7  3.9 SSE   W    AVERAGE  4.4 160
2026 08 09 01 26  0.9  0.5 16.7  0.7  3.7   S   W    AVERAGE  4.5 178
2026 08 09 00 56  0.9  0.6 16.7  0.7  3.5 SSE   W    AVERAGE  4.4 159
2026 08 09 00 26  0.9  0.5 16.7  0.7  3.5 SSE   W    AVERAGE  4.1 167
2026 08 08 23 56  0.8  0.4 16.7  0.7  3.6 SSE   W    AVERAGE  3.7 167
2026 08 08 23 26  0.9  0.5 16.7  0.8  3.2   S   W    AVERAGE  4.1 177
2026 08 08 22 56  0.9  0.5 16.7  0.7  3.0   S   W    AVERAGE  4.4 174
2026 08 08 22 26  0.8  0.4 18.2  0.7  2.9   S   W    AVERAGE  3.9 177
2026 08 08 21 56  0.8  0.5 16.7  0.6  2.6   S WNW    AVERAGE  4.5 176
2026 08 08 21 26  0.8  0.5 18.2  0.7  5.3  SE   W    AVERAGE  4.4 132
2026 08 08 20 56  0.8  0.5 16.7  0.6  5.0 SSE   W        N/A  5.1 163
2026 08 08 20 26  0.7  0.5 18.2  0.5  5.3   S   W        N/A  5.3 191
2026 08 08 19 56  0.7  0.4 18.2  0.5  5.6 SSE   W        N/A  5.4 160
2026 08 08 19 26  0.8  0.6 18.2  0.5  5.6 SSW   W        N/A  6.7 195
2026 08 08 18 56  0.7  0.4 18.2  0.6  5.6   S   W        N/A  6.1 177
2026 08 08 18 26  0.8  0.6 18.2  0.5  5.3   S   W      SWELL  7.7 191
2026 08 08 17 56  0.7  0.5 18.2  0.5  5.6   S WNW        N/A  6.7 190
2026 08 08 17 26  0.8  0.6 18.2  0.5  5.9   S   W      SWELL  7.6 176
2026 08 08 16 56  0.7  0.5 16.7  0.5  5.3   S   W        N/A  6.9 183
2026 08 08 16 26  0.7  0.5 16.7  0.5  5.6  SW   W        N/A  6.8 222
2026 08 08 15 56  0.8  0.6 18.2  0.5  5.3   S WNW        N/A  7.5 188
2026 08 08 15 26  0.6  0.4 18.2  0.5  8.3  SE SSW        N/A  6.2 143
2026 08 08 14 56  0.7  0.5 18.2  0.5  5.6  SE   W        N/A  7.1 140
2026 08 08 14 26  0.6  0.4 18.2  0.5  5.0   S   W        N/A  6.7 181
2026 08 08 13 56  0.6  0.4 18.2  0.5  5.3 NNE WNW        N/A  6.4  22
2026 08 08 13 26  0.6  0.4 18.2  0.5  4.5   S   W        N/A  6.5 180
2026 08 08 12 56  0.6  0.4 18.2  0.5  4.8   S WNW        N/A  6.2 174
2026 08 08 12 26  0.7  0.5 18.2  0.5  4.8   S WNW        N/A  6.8 187
2026 08 08 11 56  0.6  0.4 18.2  0.5  4.8   S   W        N/A  6.3 181
2026 08 08 11 26  0.6  0.4 18.2  0.5  4.5   S   W        N/A  6.0 180
2026 08 08 10 56  0.7  0.4 18.2  0.5  4.5   S   W        N/A  6.3 174
2026 08 08 10 26  0.6  0.4 18.2  0.5  4.3   S   W        N/A  5.8 190
2026 08 08 09 56  0.7  0.4 18.2  0.5  4.3   S   W        N/A  6.2 176
2026 08 08 09 26  0.6  0.4 18.2  0.5  4.3 SSE   W        N/A  5.7 164
2026 08 08 08 56  0.6  0.3 18.2  0.5  4.2 SSW   W        N/A  5.1 192
2026 08 08 08 26  0.6  0.3 18.2  0.5  4.2 SSW   W        N/A  5.1 209
2026 08 08 07 56  0.5  0.3 18.2  0.5  4.2   S   W        N/A  4.6 181
2026 08 08 07 26  0.6  0.3 18.2  0.5  3.6   S   W        N/A  4.8 176
2026 08 08 06 56  0.6  0.4 18.2  0.5  3.6  SE   W        N/A  4.7 132
2026 08 08 06 26  0.6  0.4 18.2  0.5  3.3 SSE   W        N/A  4.3 159
2026 08 08 05 56  0.6  0.3 18.2  0.5  9.1 SSE   S        N/A  4.0 149
2026 08 08 05 26  0.7  0.3 18.2  0.6  3.2  SE   W        N/A  3.8 142
2026 08 08 04 56  0.7  0.3 18.2  0.6  3.2   S   W        N/A  3.8 188
2026 08 08 04 26  0.7  0.3 18.2  0.6  3.2 SSW   W        N/A  3.8 194
2026 08 08 03 56  0.8  0.3 12.5  0.7  3.1   S   W        N/A  3.6 178
2026 08 08 03 26  0.8  0.3 18.2  0.7  3.3   S   W        N/A  3.7 180
2026 08 08 02 56  0.8  0.4 18.2  0.7  3.2   S   W        N/A  3.7 169
2026 08 08 02 26  0.8  0.3 13.3  0.7  3.1 SSE   W        N/A  3.6 167
2026 08 08 01 56  0.8  0.3 11.1  0.7  3.2 SSW   W        N/A  3.4 271
2026 08 08 01 26  0.8  0.3 13.3  0.7  3.3   W   W        N/A  3.5 274
2026 08 08 00 56  0.7  0.3 20.0  0.6  3.2   S   W        N/A  3.6 188
2026 08 08 00 26  0.7  0.3 18.2  0.6  2.8 SSE WNW        N/A  3.6 164
2026 08 07 23 56  0.7  0.3 18.2  0.6  3.0 SSE   W        N/A  3.6 156
2026 08 07 23 26  0.7  0.4 18.2  0.6  2.7   S   W        N/A  3.8 176
2026 08 07 22 56  0.6  0.4 18.2  0.5  2.4   S   W        N/A  4.3 171
2026 08 07 22 26  0.6  0.3 16.7  0.5  9.1 SSE SSW        N/A  3.9 157
2026 08 07 21 56  0.6  0.3 13.3  0.5  5.0   S WSW        N/A  4.3 171
2026 08 07 21 26  0.5  0.3 18.2  0.4  5.0 SSE WNW        N/A  4.5 164
2026 08 07 20 56  0.5  0.3 18.2  0.4  9.9 SSE   S        N/A  5.4 160
2026 08 07 20 26  0.5  0.3 12.5  0.4  5.3 SSW   W        N/A  5.5 206
2026 08 07 19 56  0.5  0.3 18.2  0.4  9.1   S SSW        N/A  5.8 171
2026 08 07 19 26  0.5  0.3 12.5  0.4  5.3   S   W        N/A  5.7 183
2026 08 07 18 56  0.5  0.3 18.2  0.5  5.3  SE   W        N/A  5.7 138
2026 08 07 18 26  0.5  0.3 12.5  0.5  5.3 SSW   W        N/A  5.4 192
2026 08 07 17 56  0.5  0.3 12.5  0.4  5.0   S WNW        N/A  5.4 174
2026 08 07 17 26  0.5  0.2 11.8  0.5  5.0 SSE   W        N/A  5.2 274
2026 08 07 16 56  0.6  0.3 12.5  0.5  5.3   S   W        N/A  5.4 178
2026 08 07 16 26  0.5  0.2 11.8  0.5  5.3   S   W        N/A  5.2 278
2026 08 07 15 56  0.6  0.3 13.3  0.5  5.0   S   W        N/A  5.5 183
2026 08 07 15 26  0.6  0.3 14.3  0.5  5.6 SSW   W        N/A  5.5 192
2026 08 07 14 56  0.6  0.3 11.8  0.5  9.1   S  SW        N/A  6.0 176
2026 08 07 14 26  0.6  0.3 11.8  0.5  5.6   S   W        N/A  5.8 171
2026 08 07 13 56  0.6  0.3 12.5  0.5  5.6   S   W        N/A  5.6 176
2026 08 07 13 26  0.6  0.3 14.3  0.5  5.3   S   W        N/A  5.6 171
2026 08 07 12 56  0.6  0.3 11.8  0.5  5.3   S   W        N/A  5.6 185
2026 08 07 12 26  0.6  0.2 14.3  0.5  5.6   S   W        N/A  5.3 184
2026 08 07 11 56  0.6  0.2 11.8  0.5  5.0   S   W        N/A  5.4 176
2026 08 07 11 26  0.5  0.3 11.8  0.5  4.5   S   W        N/A  5.5 185
2026 08 07 10 56  0.5  0.3 13.3  0.4  4.8   S   W        N/A  5.8 184
2026 08 07 10 26  0.5  0.2 11.8  0.4  4.5   S   W        N/A  5.3 178
2026 08 07 09 56  0.5  0.2 11.8  0.4  4.3   S   W        N/A  5.2 183
2026 08 07 09 26  0.5  0.2 12.5  0.4  4.2   S   W        N/A  4.9 176
2026 08 07 08 56  0.5  0.2 12.5  0.4  9.9   S SSW        N/A  4.8 169
2026 08 07 08 26  0.5  0.2 12.5  0.4  4.0 SSW   W        N/A  4.5 204
2026 08 07 07 56  0.5  0.2 12.5  0.5  4.0   S   W        N/A  4.6 174
2026 08 07 07 26  0.5  0.2 12.5  0.5  4.3   S   W        N/A  4.4 177
2026 08 07 06 56  0.5  0.2 14.3  0.4  9.9   S   S        N/A  4.4 183
2026 08 07 06 26  0.5  0.2 11.8  0.4  8.3   S  SW        N/A  4.3 173
2026 08 07 05 56  0.5  0.3 11.8  0.4  9.9   S   S        N/A  4.7 173
2026 08 07 05 26  0.5  0.2 14.3  0.4  7.7   S WSW        N/A  4.4 170
2026 08 07 04 56  0.5  0.3 11.8  0.4  8.3 SSE  SW        N/A  4.7 163
2026 08 07 04 26  0.5  0.3 11.8  0.4  8.3 SSE  SW        N/A  4.0 163
2026 08 07 03 56  0.6  0.2 12.5  0.5  4.8   S   W        N/A  3.8 181
2026 08 07 03 26  0.6  0.3 11.8  0.5  8.3   S WSW        N/A  3.7 174
2026 08 07 02 56  0.6  0.3 11.8  0.6  2.6   S   W        N/A  3.8 190
2026 08 07 02 26  0.7  0.3 11.1  0.6  2.9   S   W        N/A  3.7 173
2026 08 07 01 56  0.7  0.3 11.8  0.7  3.0   S   W        N/A  3.6 169
2026 08 07 01 26  0.7  0.3 11.1  0.7  3.2 SSE   W        N/A  3.6 167
2026 08 07 00 56  0.7  0.3 12.5  0.7  3.3 SSE   W        N/A  3.6 163
2026 08 07 00 26  0.8  0.3 12.5  0.7  3.2   S   W        N/A  3.6 178
2026 08 06 23 56  0.7  0.3 11.8  0.7  3.0   S   W        N/A  3.5 176
2026 08 06 23 26  0.7  0.3 12.5  0.6  3.0   S   W        N/A  3.7 169
2026 08 06 22 56  0.7  0.3 11.8  0.6  5.6 SSE   W        N/A  3.9 166
2026 08 06 22 26  0.6  0.3 12.5  0.5  5.3   S   W        N/A  4.4 180
2026 08 06 21 56  0.6  0.3 12.5  0.5  4.8   S   W        N/A  4.9 178
2026 08 06 21 26  0.5  0.3 12.5  0.5  5.3   S   W        N/A  5.5 180
2026 08 06 20 56  0.5  0.3 11.8  0.5  5.3 SSE   W        N/A  5.8 166
2026 08 06 20 26  0.6  0.3 11.8  0.5  5.3   S   W        N/A  5.8 181
2026 08 06 19 56  0.6  0.3 11.1  0.5  5.3   S   W        N/A  5.7 180
2026 08 06 19 26  0.6  0.3 12.5  0.5  5.0   S   W        N/A  5.7 177
2026 08 06 18 56  0.5  0.3 12.5  0.5  5.6   S   W        N/A  5.9 184
2026 08 06 18 26  0.6  0.3 12.5  0.5  5.6   S   W        N/A  5.6 174
2026 08 06 17 56  0.6  0.3 12.5  0.5  5.3   S   W        N/A  5.5 169
2026 08 06 17 26  0.6  0.3 12.5  0.5  5.3   S   W        N/A  5.6 177
2026 08 06 16 56  0.5  0.3 11.8  0.5  5.3   S   W        N/A  5.3 178
2026 08 06 16 26  0.6  0.3 12.5  0.5  5.6   S   W        N/A  5.5 180
2026 08 06 15 56  0.6  0.3 11.8  0.5  5.3   S   W        N/A  5.4 181
2026 08 06 15 26  0.5  0.3 11.8  0.5  5.6   S   W        N/A  5.4 180
2026 08 06 14 56  0.6  0.3 11.8  0.5  5.6   S   W        N/A  5.7 178
2026 08 06 14 26  0.6  0.3 12.5  0.5  5.6   S   W        N/A  5.5 181
2026 08 06 13 56  0.6  0.3 12.5  0.5  5.3   S   W        N/A  5.6 180
2026 08 06 13 26  0.6  0.3 11.8  0.5  5.3   S   W        N/A  5.5 178
2026 08 06 12 56  0.6  0.3 12.5  0.6  5.3   S   W        N/A  5.5 180
2026 08 06 12 26  0.6  0.3 12.5  0.5  4.8   S   W        N/A  5.8 180
2026 08 06 11 56  0.6  0.3 11.8  0.5  8.3   S WSW        N/A  5.5 177
2026 08 06 11 26  0.6  0.3 12.5  0.5  8.3   S WSW        N/A  5.5 178
2026 08 06 10 56  0.6  0.3 12.5  0.5  9.1   S WSW        N/A  5.4 185
2026 08 06 10 26  0.6  0.3 12.5  0.5  4.5   S WNW        N/A  5.2 178
2026 08 06 09 56  0.6  0.3 13.3  0.5  4.5   S   W        N/A  5.0 180
2026 08 06 09 26  0.6  0.3 12.5  0.5  8.3   S   W        N/A  5.2 183
2026 08 06 08 56  0.6  0.3 12.5  0.6  8.3 SSE   W        N/A  4.9 161
2026 08 06 08 26  0.6  0.3 12.5  0.5  4.3   S   W        N/A  4.6 176
2026 08 06 07 56  0.6  0.3 12.5  0.5  3.7   S   W        N/A  4.7 174
2026 08 06 07 26  0.6  0.3 12.5  0.5  3.7   S   W        N/A  4.4 177
2026 08 06 06 56  0.6  0.3 12.5  0.5  7.7   S   W        N/A  4.2 176
2026 08 06 06 26  0.6  0.3 12.5  0.5  3.7   S   W        N/A  4.2 187
2026 08 06 05 56  0.6  0.3 12.5  0.6  3.5   S   W        N/A  3.9 173
2026 08 06 05 26  0.6  0.3 12.5  0.6  3.3   S   W        N/A  3.7 171
2026 08 06 04 56  0.7  0.3 11.8  0.6  3.3   S WNW        N/A  3.8 171
2026 08 06 04 26  0.7  0.3 13.3  0.6  3.3 SSE WNW        N/A  3.7 167
2026 08 06 03 56  0.7  0.3 13.3  0.6  3.5   S WNW        N/A  3.7 174
2026 08 06 03 26  0.8  0.3 12.5  0.7  3.2 SSE WNW        N/A  3.6 161
2026 08 06 02 56  0.8  0.3 12.5  0.7  3.3 SSE WNW    AVERAGE  3.7 167
2026 08 06 02 26  0.8  0.3 13.3  0.7  3.3 SSE WNW        N/A  3.6 152
2026 08 06 01 56  0.8  0.3 12.5  0.7  2.9   S WNW        N/A  3.6 181
2026 08 06 01 26  0.8  0.4 13.3  0.7  2.9   S WNW    AVERAGE  3.6 174
2026 08 06 00 56  0.8  0.4 12.5  0.7  2.9   S WNW        N/A  3.7 183
2026 08 06 00 26  0.7  0.4 13.3  0.6  2.7 SSE WNW        N/A  3.7 166
2026 08 05 23 56  0.6  0.4 12.5  0.5  7.7   S WSW        N/A  4.2 178
2026 08 05 23 26  0.6  0.4 12.5  0.5  5.9   S WNW        N/A  4.8 185
2026 08 05 22 56  0.6  0.4 12.5  0.5  5.9   S   W        N/A  6.3 171
2026 08 05 22 26  0.6  0.4 12.5  0.5  6.7   S   W        N/A  6.3 171
2026 08 05 21 56  0.6  0.4 13.3  0.5  7.1   S WNW        N/A  6.6 169
2026 08 05 21 26  0.6  0.4 13.3  0.5  8.3   S   W        N/A  6.3 177
2026 08 05 20 56  0.6  0.4 12.5  0.5  7.1   S   W        N/A  6.6 180
2026 08 05 20 26  0.6  0.4 12.5  0.5  7.1   S   W        N/A  6.8 183
2026 08 05 19 56  0.6  0.4 12.5  0.5  8.3   S   W        N/A  6.7 180
2026 08 05 19 26  0.7  0.4 13.3  0.5  7.7   S   W        N/A  7.0 174
2026 08 05 18 56  0.7  0.4 12.5  0.5  7.7   S   W        N/A  6.9 177
2026 08 05 18 26  0.6  0.3 12.5  0.5  8.3   S   W        N/A  6.4 183
2026 08 05 17 56  0.6  0.4 13.3  0.5  7.7   S   W        N/A  6.7 178
2026 08 05 17 26  0.6  0.4 12.5  0.5  9.1   S WSW        N/A  6.8 178
2026 08 05 16 56  0.6  0.4 14.3  0.5  8.3   S   W        N/A  6.8 183
2026 08 05 16 26  0.6  0.3 12.5  0.5  9.9   S  SW        N/A  5.9 170
2026 08 05 15 56  0.6  0.4 13.3  0.4  9.1   S WSW        N/A  7.0 180
2026 08 05 15 26  0.6  0.3 12.5  0.5  9.1   S   W        N/A  6.5 184
2026 08 05 14 56  0.6  0.3 14.3  0.5  9.1   S   W        N/A  6.4 181
2026 08 05 14 26  0.6  0.4 13.3  0.5  9.9   S   W        N/A  7.2 181
2026 08 05 13 56  0.6  0.4 14.3  0.5  7.1   S   W        N/A  6.8 187
2026 08 05 13 26  0.6  0.4 13.3  0.5  9.1   S   W        N/A  6.6 180
2026 08 05 12 56  0.6  0.3 12.5  0.5  8.3   S   W        N/A  6.4 177
2026 08 05 12 26  0.7  0.4 14.3  0.5  6.7   S   W        N/A  6.8 180
2026 08 05 11 56  0.6  0.3 14.3  0.5  8.3   S   W        N/A  6.8 176
2026 08 05 11 26  0.6  0.4 13.3  0.5  7.7   S   W        N/A  7.0 169
2026 08 05 10 56  0.7  0.5 14.3  0.5  9.9   S   W        N/A  7.4 183
2026 08 05 10 26  0.7  0.4 13.3  0.5  9.9   S WSW        N/A  7.0 173
2026 08 05 09 56  0.7  0.4 14.3  0.5  9.9   S WSW        N/A  6.7 177
2026 08 05 09 26  0.7  0.4 14.3  0.6  7.1 SSW   W        N/A  6.6 198
2026 08 05 08 56  0.7  0.4 13.3  0.5  7.7   S   W        N/A  6.5 181
2026 08 05 08 26  0.6  0.3 14.3  0.5  9.9   S WSW        N/A  6.0 174
2026 08 05 07 56  0.7  0.4 13.3  0.5  7.7   S   W        N/A  5.9 177
2026 08 05 07 26  0.7  0.3 14.3  0.5  7.7   S   W        N/A  5.2 187
2026 08 05 06 56  0.7  0.4 14.3  0.6  7.7   S   W        N/A  5.2 191
2026 08 05 06 26  0.7  0.4 14.3  0.6  9.1 SSW  SW        N/A  4.9 198
2026 08 05 05 56  0.7  0.3 14.3  0.6  8.3   S   W        N/A  4.4 183
2026 08 05 05 26  0.8  0.4 14.3  0.7  8.3   S   W        N/A  4.6 170
2026 08 05 04 56  0.7  0.3 14.3  0.7  9.1   S WSW        N/A  4.4 184
2026 08 05 04 26  0.7  0.3 14.3  0.7  7.1   S   W        N/A  4.2 178
2026 08 05 03 56  0.8  0.3 13.3  0.7  7.7   S   W        N/A  4.4 176
2026 08 05 03 26  0.7  0.3 13.3  0.7  8.3   S   W        N/A  4.4 178
2026 08 05 02 56  0.8  0.3 11.8  0.7  9.1 SSW   W        N/A  4.5 192
2026 08 05 02 26  0.8  0.4 14.3  0.7  8.3 SSE   W    AVERAGE  4.6 166
2026 08 05 01 56  0.9  0.5 13.3  0.7  9.1   S   W    AVERAGE  5.1 177
2026 08 05 01 26  0.8  0.4 13.3  0.7  9.1   S   W    AVERAGE  5.3 169
2026 08 05 00 56  0.8  0.4 14.3  0.7  9.1   S   W        N/A  5.4 173
2026 08 05 00 26  0.8  0.4 12.5  0.7  9.9 SSW WSW        N/A  6.0 251
2026 08 04 23 56  0.7  0.3 13.3  0.6  9.9 SSE   W        N/A  6.2 270
2026 08 04 23 26  0.7  0.4 14.3  0.6  8.3   S   W        N/A  6.5 180
2026 08 04 22 56  0.7  0.4 14.3  0.6  7.1   S   W        N/A  6.2 169
2026 08 04 22 26  0.7  0.4 14.3  0.6  9.1   S   W        N/A  6.0 169
2026 08 04 21 56  0.7  0.4 14.3  0.6  9.9 SSE   W        N/A  5.9 166
2026 08 04 21 26  0.7  0.4 12.5  0.6  9.9   S   W        N/A  6.2 183
2026 08 04 20 56  0.7  0.4 14.3  0.6  8.3   S   W        N/A  6.7 177
2026 08 04 20 26  0.6  0.3 13.3  0.6  9.1 ESE   W        N/A  6.6 112
2026 08 04 19 56  0.7  0.4 14.3  0.6  9.1   S   W        N/A  6.9 185
2026 08 04 19 26  0.7  0.4 13.3  0.5  8.3 SSW   W        N/A  6.9 192
2026 08 04 18 56  0.7  0.3 14.3  0.6  9.1 SSW   W        N/A  6.8 192
2026 08 04 18 26  0.6  0.3 14.3  0.5  6.7   S   W        N/A  6.6 176
2026 08 04 17 56  0.6  0.3 14.3  0.5  9.9   S WSW        N/A  6.4 190
2026 08 04 17 26  0.6  0.3 14.3  0.5  8.3   S   W        N/A  6.5 181
2026 08 04 16 56  0.6  0.4 14.3  0.5  9.1   S   W        N/A  6.3 180
2026 08 04 16 26  0.7  0.3 14.3  0.6  9.9   S   W        N/A  6.0 181
2026 08 04 15 56  0.7  0.3 13.3  0.6  9.9   S WSW        N/A  6.2 188
2026 08 04 15 26  0.6  0.3 14.3  0.5  9.9   S WSW        N/A  6.4 187
2026 08 04 14 56  0.6  0.3 14.3  0.5  9.1   S   W        N/A  6.4 178
2026 08 04 14 26  0.6  0.3 14.3  0.5  7.7   S   W        N/A  5.9 181
2026 08 04 13 56  0.7  0.4 14.3  0.6  9.1   S   W        N/A  6.5 187
2026 08 04 13 26  0.7  0.4 11.8  0.6  9.9 SSW   W        N/A  6.1 211
2026 08 04 12 56  0.7  0.3 14.3  0.6  9.9   S   W        N/A  6.2 271
2026 08 04 12 26  0.7  0.3 12.5  0.6  9.9   S   W        N/A  6.0 185
2026 08 04 11 56  0.7  0.3 13.3  0.6  9.9   S   W        N/A  6.1 177
2026 08 04 11 26  0.7  0.3 14.3  0.6  7.7   S   W        N/A  6.2 270
2026 08 04 10 56  0.7  0.4 14.3  0.6  9.9   S   W        N/A  6.5 177
2026 08 04 10 26  0.7  0.3 10.5  0.6  8.3 WSW   W        N/A  6.4 270
2026 08 04 09 56  0.7  0.3 12.5  0.6  9.1   S   W        N/A  6.3 178
2026 08 04 09 26  0.7  0.3 10.5  0.6  9.1  SW   W        N/A  6.4 223
2026 08 04 08 56  0.7  0.3 10.5  0.6  9.1 WSW   W        N/A  6.1 264
2026 08 04 08 26  0.7  0.3 13.3  0.6  6.2   S   W        N/A  5.7 274
2026 08 04 07 56  0.7  0.3 10.5  0.7  7.1  SW   W        N/A  5.7 281
2026 08 04 07 26  0.8  0.4 12.5  0.7  9.1   S   W        N/A  5.7 177
2026 08 04 06 56  0.8  0.3 14.3  0.7  7.7 SSW   W        N/A  5.3 198
2026 08 04 06 26  0.7  0.3 13.3  0.7  7.1   S   W        N/A  4.7 278
2026 08 04 05 56  0.8  0.3 11.1  0.7  9.1 SSW   W        N/A  4.7 209
2026 08 04 05 26  0.9  0.3 13.3  0.8  7.7   S   W    AVERAGE  4.7 271
2026 08 04 04 56  0.9  0.3 10.5  0.8  9.1  SW   W    AVERAGE  4.3 259
2026 08 04 04 26  0.9  0.3 15.4  0.8  7.7 SSE   W    AVERAGE  4.4 273
2026 08 04 03 56  0.9  0.3 11.1  0.8  8.3 SSW   W    AVERAGE  4.7 264
2026 08 04 03 26  0.9  0.3 10.5  0.8  8.3 WSW   W    AVERAGE  4.8 264
2026 08 04 02 56  0.8  0.3 11.1  0.8  8.3 WSW   W    AVERAGE  4.8 266
2026 08 04 02 26  0.9  0.3 11.1  0.8  9.1 WSW   W    AVERAGE  4.5 270
2026 08 04 01 56  0.9  0.3 10.5  0.8  9.1   W   W    AVERAGE  4.4 268
2026 08 04 01 26  0.9  0.4 12.5  0.8  9.1   S   W    AVERAGE  4.5 174
2026 08 04 00 56  0.9  0.3 12.5  0.8  9.9 SSW   W    AVERAGE  4.3 268
2026 08 04 00 26  0.9  0.3 10.5  0.8  8.3 WSW   W    AVERAGE  4.2 270
2026 08 03 23 56  0.9  0.4 10.5  0.9  9.1  SW   W    AVERAGE  4.5 267
2026 08 03 23 26  0.9  0.3 12.5  0.9  9.1   S   W    AVERAGE  4.6 268
2026 08 03 22 56  0.9  0.3 12.5  0.8  9.1   S   W    AVERAGE  4.8 264
2026 08 03 22 26  0.8  0.4 12.5  0.8  9.1   S   W    AVERAGE  5.2 268
2026 08 03 21 56  0.8  0.3 13.3  0.7  8.3 SSE   W    AVERAGE  6.0 270
2026 08 03 21 26  0.7  0.3 12.5  0.7  6.7   S   W        N/A  6.4 280
2026 08 03 20 56  0.8  0.3 11.8  0.7  6.7   S   W        N/A  6.9 277
2026 08 03 20 26  0.7  0.4 10.5  0.6  6.7   W WNW        N/A  6.9 261
2026 08 03 19 56  0.8  0.3 12.5  0.7  8.3   S   W        N/A  6.9 275
2026 08 03 19 26  0.8  0.3 11.1  0.7  7.7 WSW   W        N/A  6.5 275
2026 08 03 18 56  0.8  0.3 12.5  0.7  7.7   S   W        N/A  6.7 275
2026 08 03 18 26  0.7  0.4 11.1  0.6  6.7 WSW WNW        N/A  6.4 237
2026 08 03 17 56  0.8  0.4 11.1  0.7  9.1  SW   W    AVERAGE  6.3 229
2026 08 03 17 26  0.8  0.4 10.5  0.7  7.1 WSW   W        N/A  6.6 244
2026 08 03 16 56  0.8  0.3 12.5  0.7  7.7   S   W        N/A  6.3 188
2026 08 03 16 26  0.7  0.3 11.1  0.7  9.1  SW   W        N/A  6.1 267
2026 08 03 15 56  0.8  0.3 13.3  0.7  7.1   S   W        N/A  6.3 188
2026 08 03 15 26  0.7  0.3 11.8  0.7  7.1   S   W        N/A  6.0 180
2026 08 03 14 56  0.8  0.3 11.8  0.7  6.7 SSW   W        N/A  6.1 206
2026 08 03 14 26  0.8  0.4 11.8  0.7  9.9 SSW   W    AVERAGE  6.5 198
2026 08 03 13 56  0.8  0.4 11.1  0.8  9.1 WSW   W    AVERAGE  6.4 237
2026 08 03 13 26  0.8  0.3 13.3  0.8  5.6   S WNW      STEEP  6.2 287
2026 08 03 12 56  0.8  0.3 10.5  0.8  7.1 WSW   W    AVERAGE  6.2 268
2026 08 03 12 26  0.8  0.3 12.5  0.8  6.2 SSW WNW      STEEP  6.2 282
2026 08 03 11 56  0.9  0.3 11.8  0.8  5.9  SW WNW      STEEP  6.1 282
2026 08 03 11 26  0.9  0.3 12.5  0.8  6.7   S   W    AVERAGE  6.3 278
2026 08 03 10 56  0.8  0.3 13.3  0.8  5.9   S   W      STEEP  6.3 281
2026 08 03 10 26  0.8  0.3 10.5  0.8  6.7 WSW   W    AVERAGE  6.4 275
2026 08 03 09 56  0.9  0.3 11.8  0.8  7.1   S   W    AVERAGE  6.5 271
2026 08 03 09 26  0.9  0.4 13.3  0.8  6.7   S   W    AVERAGE  6.9 275
2026 08 03 08 56  0.9  0.3 12.5  0.8  6.2   S   W      STEEP  6.7 281
2026 08 03 08 26  0.9  0.3 11.8  0.9  7.7 SSW   W    AVERAGE  6.8 274
2026 08 03 07 56  0.8  0.2 11.8  0.8  7.1   S   W    AVERAGE  6.5 277
2026 08 03 07 26  0.9  0.3 12.5  0.8  6.7   S WNW    AVERAGE  6.7 284
2026 08 03 06 56  0.9  0.4 11.8  0.9  7.1   S   W    AVERAGE  6.8 280
2026 08 03 06 26  1.0  0.3 12.5  0.9  7.7   S   W    AVERAGE  6.5 271
2026 08 03 05 56  0.9  0.4 12.5  0.9  7.7   S   W    AVERAGE  6.4 275
2026 08 03 05 26  0.9  0.3 12.5  0.8  6.7   S   W    AVERAGE  6.0 275
2026 08 03 04 56  0.8  0.3 13.3  0.8  7.7   S   W    AVERAGE  5.8 267
2026 08 03 04 26  0.8  0.3 12.5  0.8  7.1   S   W    AVERAGE  5.7 278
2026 08 03 03 56  0.8  0.3 13.3  0.8  8.3   S WSW    AVERAGE  5.3 253
2026 08 03 03 26  0.8  0.3 12.5  0.8  8.3   S WSW    AVERAGE  5.1 256
2026 08 03 02 56  0.9  0.3 12.5  0.8  9.1 SSE WSW    AVERAGE  5.1 254
2026 08 03 02 26  0.8  0.3 12.5  0.7  7.7   S WSW        N/A  4.7 184
2026 08 03 01 56  0.8  0.3 11.8  0.8  8.3   S  SW    AVERAGE  4.4 236
2026 08 03 01 26  0.8  0.3 11.1  0.8  7.1   S   W    AVERAGE  4.1 176
2026 08 03 00 56  0.8  0.3 11.8  0.8  7.1 SSE   W    AVERAGE  4.0 164
2026 08 03 00 26  0.9  0.3 11.1  0.8  6.7   S WNW    AVERAGE  4.2 285
2026 08 02 23 56  0.9  0.3 12.5  0.8  7.7   S   W    AVERAGE  4.2 268
2026 08 02 23 26  0.9  0.3 12.5  0.9  7.7  SE   W    AVERAGE  4.1 261
2026 08 02 22 56  0.9  0.3 13.3  0.8  8.3 SSE WSW    AVERAGE  4.1 256
2026 08 02 22 26  0.8  0.3 12.5  0.8  6.7   S WNW    AVERAGE  4.3 282
2026 08 02 21 56  0.8  0.3 12.5  0.7  8.3   S WSW    AVERAGE  4.7 181
2026 08 02 21 26  0.7  0.3 12.5  0.7  7.7   S   W        N/A  5.6 177
2026 08 02 20 56  0.8  0.3 12.5  0.7  6.2   S WNW        N/A  5.8 288
2026 08 02 20 26  0.8  0.3 11.8  0.7  7.1   S   W        N/A  6.2 273
2026 08 02 19 56  0.8  0.3 11.8  0.7  6.7   S   W        N/A  6.0 281
2026 08 02 19 26  0.8  0.3 11.8  0.8  7.1   S   W    AVERAGE  6.1 275
2026 08 02 18 56  0.7  0.3 12.5  0.7  7.1   S   W        N/A  6.1 176
2026 08 02 18 26  0.8  0.3 12.5  0.7  7.1   S   W        N/A  6.1 273
2026 08 02 17 56  0.8  0.3 13.3  0.7  7.1   S   W        N/A  5.9 273
2026 08 02 17 26  0.8  0.3 12.5  0.7  7.7   S   W        N/A  6.4 268
2026 08 02 16 56  0.8  0.3 11.8  0.8  6.7   S   W    AVERAGE  6.3 273
2026 08 02 16 26  0.9  0.3 12.5  0.9  7.1   S   W    AVERAGE  6.3 274
2026 08 02 15 56  0.9  0.3 12.5  0.8  8.3   S   W    AVERAGE  6.3 264
2026 08 02 15 26  0.9  0.3 12.5  0.9  7.7   S   W    AVERAGE  6.3 260
2026 08 02 14 56  0.9  0.3 12.5  0.8  7.7   S   W    AVERAGE  6.2 261
2026 08 02 14 26  0.9  0.3 13.3  0.9  7.7   S   W    AVERAGE  6.5 270
2026 08 02 13 56  0.9  0.4 12.5  0.9  7.7   S   W    AVERAGE  6.3 260
2026 08 02 13 26  0.9  0.4 13.3  0.8  6.7   S   W    AVERAGE  6.4 271
2026 08 02 12 56  0.9  0.3 13.3  0.9  8.3   S WSW    AVERAGE  6.4 246
2026 08 02 12 26  1.0  0.4 13.3  0.9  7.1   S   W    AVERAGE  6.5 268
2026 08 02 11 56  1.0  0.3 12.5  0.9  6.7   S   W    AVERAGE  6.3 277
2026 08 02 11 26  1.0  0.4 12.5  0.9  6.2   S WNW      STEEP  6.3 287
2026 08 02 10 56  1.1  0.4 12.5  1.1  7.1   S   W    AVERAGE  6.5 266
2026 08 02 10 26  1.1  0.3 12.5  1.0  7.1   S   W    AVERAGE  6.4 277
2026 08 02 09 56  1.0  0.3 11.1  0.9  6.7   S   W    AVERAGE  6.5 275
2026 08 02 09 26  1.0  0.4 11.1  0.9  7.1   S   W    AVERAGE  6.6 267
2026 08 02 08 56  0.9  0.4 13.3  0.8  6.7   S   W    AVERAGE  6.6 273
2026 08 02 08 26  1.0  0.4 13.3  0.9  6.7   S   W    AVERAGE  6.7 275
2026 08 02 07 56  1.0  0.4 13.3  0.9  7.7   S   W    AVERAGE  6.8 280
2026 08 02 07 26  0.9  0.4 12.5  0.8  6.7   S   W    AVERAGE  6.4 280
2026 08 02 06 56  0.9  0.4 11.1  0.8  8.3   S WSW    AVERAGE  6.1 246
2026 08 02 06 26  1.0  0.4 13.3  0.9  6.7   S   W    AVERAGE  6.1 277
2026 08 02 05 56  0.9  0.4 12.5  0.8  8.3   S WSW    AVERAGE  5.7 191
2026 08 02 05 26  0.9  0.3 13.3  0.9  8.3   S WSW    AVERAGE  5.4 244
2026 08 02 04 56  0.9  0.3 13.3  0.8  8.3   S WSW    AVERAGE  5.3 253
2026 08 02 04 26  0.9  0.3 11.8  0.8  9.1   S  SW    AVERAGE  5.0 230
2026 08 02 03 56  1.0  0.4 13.3  0.9  8.3 SSE WSW    AVERAGE  5.1 247
2026 08 02 03 26  1.0  0.4 12.5  0.9  9.1   S SSW    AVERAGE  4.8 170
2026 08 02 02 56  0.9  0.4 12.5  0.9  9.9   S SSW    AVERAGE  4.8 198
2026 08 02 02 26  0.9  0.4 10.5  0.8  9.1   S SSW    AVERAGE  4.8 201
2026 08 02 01 56  0.9  0.4 10.5  0.8  9.9   S   S    AVERAGE  4.7 183
2026 08 02 01 26  0.9  0.4 13.3  0.8  9.1   S SSW    AVERAGE  4.7 174
2026 08 02 00 56  0.9  0.4 12.5  0.8  9.9   S SSW    AVERAGE  5.0 197
2026 08 02 00 26  0.9  0.4 11.8  0.8  9.1 SSE SSW    AVERAGE  5.2 211
2026 08 01 23 56  1.0  0.5 12.5  0.9  9.1   S  SW    AVERAGE  5.5 170
2026 08 01 23 26  0.9  0.4 10.5  0.8  9.1   S SSW    AVERAGE  5.6 184
2026 08 01 22 56  0.9  0.4 14.3  0.8  8.3   S WSW    AVERAGE  6.5 240
2026 08 01 22 26  1.0  0.4 10.5  0.9  9.1 SSW  SW    AVERAGE  6.7 223
2026 08 01 21 56  1.0  0.4 13.3  0.9  9.1   S  SW    AVERAGE  6.5 232
2026 08 01 21 26  1.1  0.5 11.1  0.9  9.1   S  SW    AVERAGE  6.6 216
2026 08 01 20 56  1.0  0.4 11.1  0.9  9.1   S  SW    AVERAGE  6.5 236
2026 08 01 20 26  1.0  0.4 13.3  0.9  9.1   S  SW    AVERAGE  6.8 229
2026 08 01 19 56  1.1  0.4 11.1  1.0  9.1 SSW SSW    AVERAGE  6.7 209
2026 08 01 19 26  1.1  0.5 13.3  1.0  9.1   S WSW    AVERAGE  7.0 242
2026 08 01 18 56  1.1  0.5 13.3  1.0  7.1   S   W    AVERAGE  7.0 273
2026 08 01 18 26  1.1  0.5 11.1  1.0  8.3 SSW   W    AVERAGE  6.8 264
2026 08 01 17 56  1.2  0.5 10.5  1.1  9.1 SSW  SW    AVERAGE  6.9 236
2026 08 01 17 26  1.2  0.4 12.5  1.1  8.3   S   W    AVERAGE  6.8 266
2026 08 01 16 56  1.3  0.4 10.5  1.2  7.7 SSW   W    AVERAGE  7.0 263
2026 08 01 16 26  1.2  0.4 10.5  1.1  7.7   S   W    AVERAGE  6.9 268
2026 08 01 15 56  1.3  0.5 13.3  1.1  7.1   S   W    AVERAGE  7.2 273
2026 08 01 15 26  1.2  0.5 10.5  1.1  7.7   S   W    AVERAGE  7.0 268
2026 08 01 14 56  1.3  0.5 10.5  1.2  8.3   S WSW    AVERAGE  7.2 253
2026 08 01 14 26  1.1  0.5 10.5  1.0  8.3   S WSW    AVERAGE  7.1 250
2026 08 01 13 56  1.2  0.5 10.5  1.1  6.7   S   W      STEEP  7.0 270
2026 08 01 13 26  1.1  0.5 12.5  0.9  9.9   S   S    AVERAGE  7.1 174
2026 08 01 12 56  1.1  0.6 13.3  0.9  9.9   S   S    AVERAGE  7.2 180
2026 08 01 12 26  1.1  0.5 10.5  0.9  9.9   S   S    AVERAGE  7.0 177
2026 08 01 11 56  1.0  0.5 12.5  0.9  9.9   S   S    AVERAGE  7.2 188
2026 08 01 11 26  1.0  0.6 12.5  0.8  9.9   S   S    AVERAGE  7.5 178
2026 08 01 10 56  0.9  0.6 12.5  0.8  9.9   S   S    AVERAGE  7.1 174
2026 08 01 10 26  0.9  0.6 12.5  0.8  9.9   S   S    AVERAGE  7.2 178
2026 08 01 09 56  1.0  0.7 12.5  0.7  9.9   S   S      SWELL  7.6 181
2026 08 01 09 26  0.9  0.6 13.3  0.7  9.9   S   S    AVERAGE  7.4 187
2026 08 01 08 56  0.9  0.5 13.3  0.7  9.9   S   S    AVERAGE  6.8 178
2026 08 01 08 26  0.9  0.6 14.3  0.7  9.9   S   S    AVERAGE  7.6 184
2026 08 01 07 56  1.0  0.7 10.5  0.7  9.9   S   S      SWELL  8.1 178
2026 08 01 07 26  0.9  0.5 10.5  0.7  9.9   S   S    AVERAGE  7.2 180
2026 08 01 06 56  0.9  0.5 10.5  0.7  9.9   S   S    AVERAGE  6.8 187
2026 08 01 06 26  1.0  0.7 10.5  0.7  9.9   S   S      SWELL  7.2 173
2026 08 01 05 56  0.9  0.6 10.5  0.7  9.9   S   S    AVERAGE  6.8 176
2026 08 01 05 26  0.9  0.5 14.3  0.7  9.9   S   S    AVERAGE  6.2 180
2026 08 01 04 56  1.0  0.7 10.5  0.8  9.9   S   S    AVERAGE  6.6 173
2026 08 01 04 26  1.0  0.7 14.3  0.7  9.9   S   S      SWELL  6.4 174
2026 08 01 03 56  1.0  0.7 10.5  0.7  9.9   S   S      SWELL  6.2 174
2026 08 01 03 26  1.1  0.7 14.3  0.8  9.9   S   S    AVERAGE  6.0 174
2026 08 01 02 56  1.1  0.6 10.5  0.9  9.9   S   S    AVERAGE  6.0 178
2026 08 01 02 26  1.1  0.7 11.1  0.8  9.9   S   S    AVERAGE  5.4 177
2026 08 01 01 56  1.1  0.7 10.5  0.9  9.9   S   S    AVERAGE  5.3 173
2026 08 01 01 26  1.1  0.6 10.5  0.9  9.9   S   S    AVERAGE  5.0 180
2026 08 01 00 56  1.1  0.7 10.5  0.9  9.9   S   S    AVERAGE  5.1 178
2026 08 01 00 26  1.1  0.6 10.5  0.9  9.9 SSE   S    AVERAGE  5.1 166
2026 07 31 23 56  1.2  0.7 11.1  0.9  9.9   S   S    AVERAGE  5.3 173
2026 07 31 23 26  1.1  0.7 10.5  0.9  9.9   S SSE    AVERAGE  5.3 178
2026 07 31 22 56  1.1  0.7 11.1  0.8  9.9   S   S    AVERAGE  5.4 169
2026 07 31 22 26  1.1  0.8 11.1  0.8  9.9   S   S      SWELL  6.4 177
2026 07 31 21 56  1.1  0.8 11.1  0.8  9.9   S   S      SWELL  7.2 180
2026 07 31 21 26  1.1  0.8 10.5  0.8  9.9   S   S      SWELL  7.3 174
2026 07 31 20 56  1.1  0.8 10.5  0.7  9.9   S   S      SWELL  8.0 177
2026 07 31 20 26  1.1  0.9 11.1  0.7  9.9   S   S      SWELL  8.9 181
2026 07 31 19 56  1.0  0.7 11.1  0.7  9.9   S   S      SWELL  8.6 181
2026 07 31 19 26  1.1  0.8 10.5  0.7  9.9   S   S      SWELL  8.6 173
2026 07 31 18 56  1.1  0.9 11.1  0.7  9.9   S   S      SWELL  8.8 174
2026 07 31 18 26  1.1  0.8 11.1  0.7  9.9   S   S      SWELL  8.4 174
2026 07 31 17 56  1.2  1.0 11.1  0.7  9.9   S   S      SWELL  9.1 177
2026 07 31 17 26  1.1  0.8 13.3  0.7  9.9   S   S      SWELL  8.9 178
2026 07 31 16 56  1.1  0.8 11.8  0.7  9.9   S   S      SWELL  8.8 177
2026 07 31 16 26  1.0  0.8 11.8  0.6  9.9   S   S      SWELL  8.7 180
2026 07 31 15 56  1.0  0.7 12.5  0.7  9.1   S   S      SWELL  8.7 178
2026 07 31 15 26  1.1  0.9 11.8  0.7  9.9   S   S      SWELL  9.1 173
2026 07 31 14 56  1.1  0.8 11.8  0.7  9.1   S   S      SWELL  9.0 177
2026 07 31 14 26  1.1  0.8 13.3  0.7  9.9   S SSW      SWELL  8.8 176
2026 07 31 13 56  1.1  0.9 11.1  0.7  9.9   S   S      SWELL  8.9 180
2026 07 31 13 26  1.1  0.8 12.5  0.7  9.1   S SSW      SWELL  8.7 176
2026 07 31 12 56  1.1  0.8 11.8  0.8  9.9   S   S      SWELL  8.8 176
2026 07 31 12 26  1.1  0.9 12.5  0.7  9.9   S   S      SWELL  9.0 180
2026 07 31 11 56  1.1  0.9 11.1  0.6  9.9   S   S      SWELL  8.9 178
2026 07 31 11 26  1.0  0.8 11.8  0.6  9.9   S   S      SWELL  8.7 185
2026 07 31 10 56  1.1  0.8 11.8  0.7  9.9   S   S      SWELL  8.9 184
2026 07 31 10 26  1.0  0.8 11.1  0.5  9.9   S   S      SWELL  8.9 180
2026 07 31 09 56  1.0  0.8 14.3  0.6  9.9   S   S      SWELL  8.8 184
2026 07 31 09 26  1.1  0.9 14.3  0.6  9.9   S   S      SWELL  9.3 185
2026 07 31 08 56  1.1  0.9 11.8  0.6  9.9   S   S      SWELL  8.9 180
2026 07 31 08 26  1.0  0.8 12.5  0.6  9.9 SSW   S      SWELL  8.8 192
2026 07 31 07 56  1.0  0.8 11.8  0.6  9.9   S SSW      SWELL  8.5 180
2026 07 31 07 26  1.1  1.0 14.3  0.6  9.9   S   S      SWELL  8.9 180
2026 07 31 06 56  1.1  0.8 14.3  0.7  9.9   S   S      SWELL  8.4 176
2026 07 31 06 26  1.1  0.8 14.3  0.7  9.9   S   S      SWELL  8.1 177
2026 07 31 05 56  1.2  1.0 11.8  0.6  9.9   S   S      SWELL  8.4 180
2026 07 31 05 26  1.3  1.1 11.1  0.7  9.9   S   S      SWELL  8.5 178
2026 07 31 04 56  1.1  0.9 15.4  0.7  9.9   S   S      SWELL  7.9 180
2026 07 31 04 26  1.0  0.7 10.5  0.7  9.9   S   S      SWELL  6.5 178
2026 07 31 03 56  1.3  1.1 11.1  0.8  9.9   S   S      SWELL  7.5 170
2026 07 31 03 26  1.2  1.0 15.4  0.7  9.9   S   S      SWELL  7.1 173
2026 07 31 02 56  1.3  1.0 12.5  0.8  9.9   S   S      SWELL  7.1 170
2026 07 31 02 26  1.3  1.1 12.5  0.8  9.9   S SSE      SWELL  7.2 176
2026 07 31 01 56  1.3  1.1 12.5  0.8  9.9   S   S      SWELL  7.2 170
2026 07 31 01 26  1.4  1.1 11.8  0.8  9.9   S   S      SWELL  7.2 176
2026 07 31 00 56  1.4  1.1 11.8  0.8  9.9   S   S      SWELL  7.0 170
2026 07 31 00 26  1.3  1.1 12.5  0.8  9.9   S   S      SWELL  6.9 174
2026 07 30 23 56  1.4  1.2 12.5  0.8  9.9   S   S      SWELL  7.3 173
2026 07 30 23 26  1.3  1.0 14.3  0.8  9.9   S   S      SWELL  7.2 169
2026 07 30 22 56  1.2  0.9 12.5  0.7  9.9   S   S      SWELL  7.0 177
2026 07 30 22 26  1.1  0.8 12.5  0.7  9.9   S   S      SWELL  6.8 176
2026 07 30 21 56  1.2  1.1 12.5  0.7  9.9   S   S      SWELL  8.1 169
2026 07 30 21 26  1.2  1.1 11.8  0.6  9.9   S   S      SWELL  8.6 174
2026 07 30 20 56  1.2  1.1 11.8  0.6  9.9   S   S      SWELL  9.2 174
2026 07 30 20 26  1.1  0.9 13.3  0.6  9.9   S   S      SWELL  9.8 171
2026 07 30 19 56  1.3  1.1 12.5  0.6  9.9   S   S      SWELL 10.2 173
2026 07 30 19 26  1.3  1.1 14.3  0.6  9.9   S   S      SWELL 10.3 171
2026 07 30 18 56  1.2  1.0 11.8  0.5  9.9   S   S      SWELL 10.0 174
2026 07 30 18 26  1.1  0.9 15.4  0.6  9.9   S   S      SWELL  9.9 183
2026 07 30 17 56  1.1  0.9 11.8  0.6  9.9   S   S      SWELL  9.5 174
2026 07 30 17 26  1.1  0.9 15.4  0.6  9.9   S   S      SWELL  9.8 170
2026 07 30 16 56  1.0  0.9 14.3  0.6  9.9   S   S      SWELL  9.5 181
2026 07 30 16 26  1.0  0.8 15.4  0.6  9.9   S   S      SWELL  9.1 176
2026 07 30 15 56  1.2  1.0 15.4  0.6  9.1   S SSW      SWELL  9.7 183
2026 07 30 15 26  1.1  0.9 14.3  0.7  8.3   S  SW      SWELL  9.2 177
2026 07 30 14 56  1.2  1.0 15.4  0.7  9.9   S   S      SWELL  9.8 181
2026 07 30 14 26  1.2  1.0 15.4  0.7  9.1   S   S      SWELL  9.6 184
2026 07 30 13 56  1.1  0.8 11.8  0.7  9.9 SSE   S      SWELL  8.4 166
2026 07 30 13 26  1.1  0.9 15.4  0.7  9.9   S   S      SWELL  9.2 183
2026 07 30 12 56  1.3  1.1 15.4  0.7  9.1   S   S      SWELL  9.8 183
2026 07 30 12 26  1.3  1.1 11.8  0.7  9.9   S   S      SWELL  9.6 174
2026 07 30 11 56  1.1  0.9 12.5  0.7  9.9   S   S      SWELL  8.9 177
2026 07 30 11 26  1.1  0.8 11.8  0.7  9.9   S   S      SWELL  8.2 176
2026 07 30 10 56  1.2  0.9 16.7  0.7  9.9   S   S      SWELL  8.6 191
2026 07 30 10 26  1.2  0.9 12.5  0.7  9.9   S   S      SWELL  8.5 177
2026 07 30 09 56  1.3  1.2 11.8  0.6  9.9   S   S      SWELL  9.5 180
2026 07 30 09 26  1.1  1.0 11.8  0.6  9.9   S   S      SWELL  9.2 177
2026 07 30 08 56  1.1  0.9 16.7  0.7  9.9   S   S      SWELL  8.6 190
2026 07 30 08 26  1.2  1.0 12.5  0.6  9.9   S   S      SWELL  9.0 170
2026 07 30 07 56  1.3  1.1 13.3  0.6  9.9   S   S      SWELL  9.5 178
2026 07 30 07 26  1.1  0.9 12.5  0.7  9.9 SSE   S      SWELL  8.7 163
2026 07 30 06 56  1.3  1.1 16.7  0.7  9.9   S   S      SWELL  9.3 174
2026 07 30 06 26  1.2  1.0 12.5  0.7  9.9   S   S      SWELL  8.8 174
2026 07 30 05 56  1.2  0.9 11.8  0.7  9.9   S   S      SWELL  8.8 169
2026 07 30 05 26  1.4  1.2 12.5  0.7  9.1 SSE SSW      SWELL  9.4 167
2026 07 30 04 56  1.4  1.2 13.3  0.7  9.1   S  SW      SWELL  9.3 178
2026 07 30 04 26  1.3  1.1 12.5  0.8  9.9 SSE   S      SWELL  8.4 167
2026 07 30 03 56  1.4  1.1 11.8  0.8  9.9   S   S      SWELL  8.4 171
2026 07 30 03 26  1.4  1.2 13.3  0.7  9.9   S   S      SWELL  8.5 169
2026 07 30 02 56  1.4  1.1 12.5  0.8  9.9   S SSE      SWELL  8.1 169
2026 07 30 02 26  1.4  1.2 13.3  0.8  9.9   S SSE      SWELL  8.2 171
2026 07 30 01 56  1.3  1.0 16.7  0.8  7.7   S   W      SWELL  7.0 171
2026 07 30 01 26  1.3  1.0 13.3  0.8  7.7 SSE   W      SWELL  7.3 167
2026 07 30 00 56  1.3  1.1 16.7  0.8  9.9   S   S      SWELL  7.5 176
2026 07 30 00 26  1.4  1.1 13.3  0.8  9.9 SSE   S      SWELL  7.9 157
2026 07 29 23 56  1.3  1.1 13.3  0.7  9.9 SSE   S      SWELL  8.2 161
2026 07 29 23 26  1.3  1.1 13.3  0.7  9.9   S   S      SWELL  8.7 169
2026 07 29 22 56  1.3  1.1 13.3  0.7  9.9 SSE   S      SWELL  9.8 160
2026 07 29 22 26  1.2  1.1 14.3  0.6  9.9   S   S      SWELL 10.0 170
2026 07 29 21 56  1.3  1.2 16.7  0.6  9.9   S   S      SWELL 11.1 177
2026 07 29 21 26  1.2  1.1 14.3  0.6  9.9   S SSW      SWELL 10.1 170
2026 07 29 20 56  1.2  1.0 14.3  0.6  9.9 SSE   S      SWELL 10.1 154
2026 07 29 20 26  1.4  1.2 14.3  0.6  9.9 SSE   S      SWELL 10.6 163
2026 07 29 19 56  1.4  1.3 13.3  0.6  9.9   S   S      SWELL 10.9 170
2026 07 29 19 26  1.6  1.5 14.3  0.7  7.7   S   W      SWELL 11.1 170
2026 07 29 18 56  1.3  1.1 14.3  0.7  7.1   S   W      SWELL  9.7 171
2026 07 29 18 26  1.5  1.3 14.3  0.7  7.1   S   W      SWELL 10.4 173
2026 07 29 17 56  1.5  1.3 14.3  0.7  8.3   S   W      SWELL 10.2 177
2026 07 29 17 26  1.4  1.1 15.4  0.8  7.7   S   W      SWELL  9.5 176
2026 07 29 16 56  1.4  1.2 14.3  0.8  8.3   S   W      SWELL 10.1 176
2026 07 29 16 26  1.3  1.0 15.4  0.8  8.3   S   W      SWELL  9.0 183
2026 07 29 15 56  1.4  1.1 15.4  0.8  8.3   S WNW      SWELL  9.5 171
2026 07 29 15 26  1.3  1.0 15.4  0.8  8.3   S   W      SWELL  9.0 169
2026 07 29 14 56  1.3  1.1 16.7  0.8  8.3 SSE   W      SWELL  9.6 167
2026 07 29 14 26  1.3  0.9 15.4  0.9  8.3   S WNW      SWELL  8.6 171
2026 07 29 13 56  1.4  1.1 16.7  0.8  8.3   S   W      SWELL  9.3 176
2026 07 29 13 26  1.3  1.0 16.7  0.8  7.7   S   W      SWELL  8.9 180
2026 07 29 12 56  1.3  1.0 16.7  0.9  7.1   S   W      SWELL  8.5 176
2026 07 29 12 26  1.3  1.0 14.3  0.8  7.1   S   W      SWELL  8.8 174
2026 07 29 11 56  1.3  0.9 14.3  0.9  8.3 SSE   W      SWELL  7.9 167
2026 07 29 11 26  1.3  1.0 15.4  0.9  7.7   S   W      SWELL  8.2 177
2026 07 29 10 56  1.3  0.9 14.3  0.9  7.1 SSE   W      SWELL  8.0 166
2026 07 29 10 26  1.2  0.9 18.2  0.8  8.3   S   W      SWELL  8.0 171
2026 07 29 09 56  1.2  0.9 13.3  0.8  7.7   S   W      SWELL  7.9 169
2026 07 29 09 26  1.2  0.9 15.4  0.8  8.3   S   W      SWELL  8.2 170
2026 07 29 08 56  1.1  0.8 18.2  0.7  8.3   S   W      SWELL  8.1 187
2026 07 29 08 26  1.0  0.8 16.7  0.6  8.3   S   W      SWELL  8.4 188
2026 07 29 07 56  1.0  0.8 16.7  0.6  8.3   S WSW      SWELL  8.3 181
2026 07 29 07 26  1.0  0.8 14.3  0.6  6.2   S WNW      SWELL  8.3 169
2026 07 29 06 56  0.9  0.7 18.2  0.6  6.7   S   W      SWELL  7.8 178
2026 07 29 06 26  1.0  0.8 18.2  0.7  6.7 SSE WNW      SWELL  7.8 167
2026 07 29 05 56  1.0  0.7 18.2  0.7  8.3 SSE   W      SWELL  7.3 160
2026 07 29 05 26  1.0  0.8 18.2  0.7  7.7   S   W      SWELL  7.4 180
2026 07 29 04 56  1.1  0.8 18.2  0.7  5.9   S WNW      SWELL  7.1 170
2026 07 29 04 26  1.1  0.8 15.4  0.8  6.2   S   W      SWELL  6.7 171
2026 07 29 03 56  1.1  0.7 18.2  0.8  7.7   S   W    AVERAGE  6.3 171
2026 07 29 03 26  1.1  0.7 18.2  0.9  7.7  SW   W    AVERAGE  6.0 221
2026 07 29 02 56  1.1  0.7 18.2  0.8  7.1   S   W    AVERAGE  6.0 178
2026 07 29 02 26  1.1  0.7 18.2  0.8  7.1   S   W    AVERAGE  6.1 170
2026 07 29 01 56  1.1  0.7 16.7  0.8  7.7   S   W    AVERAGE  6.2 173
2026 07 29 01 26  1.0  0.7 18.2  0.8  7.1   S   W    AVERAGE  6.2 181
2026 07 29 00 56  1.0  0.7 18.2  0.8  8.3  SW   W    AVERAGE  6.5 214
2026 07 29 00 26  1.1  0.8 14.3  0.7  7.7   S   W      SWELL  7.3 173
2026 07 28 23 56  1.0  0.8 15.4  0.7  8.3   S   W      SWELL  8.2 171
2026 07 28 23 26  1.0  0.8 18.2  0.6  8.3   S   W      SWELL  8.8 190
2026 07 28 22 56  0.9  0.6 16.7  0.7  5.9   S WNW    AVERAGE  7.5 184
2026 07 28 22 26  1.0  0.8 16.7  0.6  8.3   S   W      SWELL  8.6 180
2026 07 28 21 56  0.9  0.6 16.7  0.6  8.3 SSW   W      SWELL  7.9 209
2026 07 28 21 26  0.9  0.6 18.2  0.7  7.7 SSW   W    AVERAGE  7.8 194
2026 07 28 20 56  0.9  0.6 18.2  0.7  7.7   S   W    AVERAGE  7.7 190
2026 07 28 20 26  1.0  0.7 15.4  0.7  7.7   S   W      SWELL  8.0 178
2026 07 28 19 56  1.0  0.6 18.2  0.7  7.1 SSE WNW    AVERAGE  7.5 166
2026 07 28 19 26  1.0  0.6 16.7  0.8  7.1   S   W    AVERAGE  7.3 180
2026 07 28 18 56  1.0  0.6 18.2  0.8  7.7   S   W    AVERAGE  7.5 173
2026 07 28 18 26  1.0  0.6 18.2  0.8  6.7 SSE   W    AVERAGE  6.7 157
2026 07 28 17 56  0.9  0.5 15.4  0.8  7.7   S   W    AVERAGE  6.6 181
2026 07 28 17 26  1.0  0.4 18.2  0.9  6.7   S   W    AVERAGE  6.1 185
2026 07 28 16 56  1.0  0.5 18.2  0.9  7.7   S   W    AVERAGE  6.9 180
2026 07 28 16 26  1.0  0.4 16.7  0.9  5.9   S WNW      STEEP  6.7 284
2026 07 28 15 56  1.0  0.5 15.4  0.8  7.1   S   W    AVERAGE  6.9 181
2026 07 28 15 26  1.1  0.5 20.0  1.0  7.7   S   W    AVERAGE  7.1 275
2026 07 28 14 56  1.0  0.4 16.7  0.9  7.1   S   W    AVERAGE  6.5 278
2026 07 28 14 26  1.1  0.5 16.7  0.9  5.9   S WNW    AVERAGE  6.6 191
2026 07 28 13 56  1.2  0.6 18.2  1.0  6.2   S   W    AVERAGE  6.9 181
2026 07 28 13 26  1.0  0.4 18.2  0.9  7.1 SSE   W    AVERAGE  6.2 280
2026 07 28 12 56  1.0  0.4 18.2  0.9  6.7  SW   W    AVERAGE  6.2 277
2026 07 28 12 26  1.2  0.6 16.7  1.0  7.7   S   W    AVERAGE  6.6 190
2026 07 28 11 56  1.1  0.5 16.7  1.0  8.3   S   W    AVERAGE  6.1 180
2026 07 28 11 26  1.1  0.4 16.7  1.0  7.1 SSW   W    AVERAGE  6.0 281
2026 07 28 10 56  1.0  0.4 18.2  0.9  7.7   S   W    AVERAGE  5.9 280
2026 07 28 10 26  1.1  0.5 16.7  0.9  7.7 SSW   W    AVERAGE  6.1 195
2026 07 28 09 56  1.0  0.5 18.2  0.9  7.1 SSW   W    AVERAGE  6.2 199
2026 07 28 09 26  1.1  0.6 16.7  1.0  7.7 SSW   W    AVERAGE  6.3 211
2026 07 28 08 56  1.1  0.5 16.7  0.9  6.7   S   W    AVERAGE  5.9 190
2026 07 28 08 26  1.1  0.5 16.7  1.0  7.7   S   W    AVERAGE  5.7 169
2026 07 28 07 56  1.1  0.5 18.2  1.0  6.7   S   W    AVERAGE  5.8 169
2026 07 28 07 26  1.1  0.6 18.2  0.9  6.2   S WNW    AVERAGE  6.5 177
2026 07 28 06 56  1.0  0.5 16.7  0.8  7.1   S   W    AVERAGE  6.3 191
2026 07 28 06 26  1.0  0.5 18.2  0.9  7.7 SSE   W    AVERAGE  6.3 163
2026 07 28 05 56  1.0  0.5 18.2  0.8  6.7 SSE   W    AVERAGE  6.0 166
2026 07 28 05 26  1.0  0.5 16.7  0.8  6.2   S WNW    AVERAGE  6.3 190
2026 07 28 04 56  1.0  0.5 16.7  0.8  8.3   S   W    AVERAGE  6.1 190
2026 07 28 04 26  1.0  0.5 16.7  0.9  8.3 SSW   W    AVERAGE  5.7 199
2026 07 28 03 56  1.0  0.5 16.7  0.8  6.7 SSE   W    AVERAGE  5.5 163
2026 07 28 03 26  1.0  0.5 18.2  0.9  7.1 SSW   W    AVERAGE  5.5 199
2026 07 28 02 56  1.0  0.5 18.2  0.9  7.1   S   W    AVERAGE  5.5 171
2026 07 28 02 26  1.0  0.4 16.7  0.9  7.1   S   W    AVERAGE  4.9 280
2026 07 28 01 56  1.0  0.4 18.2  0.9  7.7 SSE   W    AVERAGE  5.0 150
2026 07 28 01 26  1.0  0.5 18.2  0.9  7.7  SW   W    AVERAGE  5.1 219
2026 07 28 00 56  0.9  0.4 16.7  0.8  8.3   S   W    AVERAGE  4.9 177
2026 07 28 00 26  1.0  0.5 18.2  0.9  8.3 SSE   W    AVERAGE  5.1 167
2026 07 27 23 56  0.9  0.4 18.2  0.9  8.3 SSW   W    AVERAGE  5.0 195
2026 07 27 23 26  0.9  0.4 18.2  0.8  8.3   S   W    AVERAGE  5.4 177
2026 07 27 22 56  0.9  0.5 18.2  0.8  8.3   S   W    AVERAGE  5.5 169
2026 07 27 22 26  0.8  0.4 18.2  0.7  7.7 SSW   W    AVERAGE  5.5 199
2026 07 27 21 56  0.9  0.5 18.2  0.8  6.7   S   W    AVERAGE  6.5 174
2026 07 27 21 26  0.9  0.5 18.2  0.8  8.3  SW   W    AVERAGE  6.7 235
2026 07 27 20 56  0.9  0.5 18.2  0.8  7.1   S   W    AVERAGE  6.6 185
2026 07 27 20 26  0.9  0.5 18.2  0.8  7.7 NNE   W    AVERAGE  6.8  14
2026 07 27 19 56  0.9  0.4 18.2  0.8  7.7   S   W    AVERAGE  6.1 174
2026 07 27 19 26  0.9  0.5 18.2  0.8  8.3 SSE   W    AVERAGE  6.6 161
2026 07 27 18 56  1.1  0.6 18.2  0.9  7.1   S   W    AVERAGE  7.5 184
2026 07 27 18 26  1.0  0.4 18.2  0.9  8.3   S   W    AVERAGE  6.6 185
2026 07 27 17 56  1.0  0.3 18.2  1.0  7.1   N   W    AVERAGE  6.5 267
2026 07 27 17 26  1.1  0.5 18.2  1.0  8.3   S   W    AVERAGE  6.6 190
2026 07 27 16 56  1.0  0.3 18.2  0.9  7.1   S   W    AVERAGE  6.2 266
2026 07 27 16 26  1.1  0.4 18.2  1.0  7.7   S   W    AVERAGE  6.6 266
2026 07 27 15 56  1.1  0.4 18.2  1.0  8.3 NNW   W    AVERAGE  6.5 261
2026 07 27 15 26  1.1  0.5 18.2  1.0  7.1   S   W    AVERAGE  6.7 267
2026 07 27 14 56  1.0  0.4 18.2  0.9  7.1   S   W    AVERAGE  6.6 178
2026 07 27 14 26  1.1  0.4 18.2  1.0  7.7   S   W    AVERAGE  6.5 266
2026 07 27 13 56  1.1  0.4 18.2  1.0  8.3   S   W    AVERAGE  6.5 266
2026 07 27 13 26  1.1  0.4 18.2  1.0  8.3 SSE   W    AVERAGE  6.4 164
2026 07 27 12 56  1.2  0.4 18.2  1.1  7.7   S   W    AVERAGE  6.6 264
2026 07 27 12 26  1.2  0.5 18.2  1.1  7.7   S   W    AVERAGE  6.3 169
2026 07 27 11 56  1.1  0.4 18.2  1.1  7.1 WSW   W    AVERAGE  6.4 270
2026 07 27 11 26  1.1  0.4 18.2  1.0  8.3 SSW   W    AVERAGE  6.7 263
2026 07 27 10 56  1.1  0.4 20.0  1.0  7.7 SSE   W    AVERAGE  6.9 266
2026 07 27 10 26  1.1  0.4 18.2  1.0  8.3 SSW   W    AVERAGE  6.9 261
2026 07 27 09 56  1.1  0.4 18.2  1.0  8.3   S   W    AVERAGE  6.6 266
2026 07 27 09 26  1.0  0.3 20.0  1.0  7.7   W   W    AVERAGE  6.4 266
2026 07 27 08 56  1.0  0.4 18.2  0.9  7.1   S   W    AVERAGE  6.5 273
2026 07 27 08 26  1.0  0.5 18.2  0.9  7.7   S   W    AVERAGE  6.8 190
2026 07 27 07 56  1.1  0.4 18.2  1.0  7.7 NNW   W    AVERAGE  6.7 271
2026 07 27 07 26  1.1  0.4 18.2  1.0  7.7   S   W    AVERAGE  6.6 268
2026 07 27 06 56  1.1  0.4 20.0  1.0  8.3   E   W    AVERAGE  6.6 268
2026 07 27 06 26  1.0  0.4 20.0  0.9  9.1 WSW   W    AVERAGE  6.6 243
2026 07 27 05 56  1.0  0.4 20.0  0.9  8.3   S   W    AVERAGE  6.5 183
2026 07 27 05 26  1.0  0.5 20.0  0.9  7.1 SSE   W    AVERAGE  6.5 161
2026 07 27 04 56  1.0  0.5 20.0  0.9  7.7   S   W    AVERAGE  6.3 176
2026 07 27 04 26  1.0  0.4 20.0  0.9  8.3 NNE   W    AVERAGE  5.8 270
2026 07 27 03 56  1.1  0.5 20.0  1.0  8.3 SSW   W    AVERAGE  6.1 194
2026 07 27 03 26  1.1  0.5 20.0  1.0  5.9 SSE   W    AVERAGE  5.7 163
2026 07 27 02 56  1.1  0.5 20.0  1.0  7.7   S   W    AVERAGE  5.7 180
2026 07 27 02 26  1.1  0.5 20.0  0.9  6.7   S   W    AVERAGE  5.8 170
2026 07 27 01 56  1.0  0.5 20.0  0.9  7.1 SSE   W    AVERAGE  6.0 160
2026 07 27 01 26  1.1  0.6 20.0  0.9  7.1   S   W    AVERAGE  6.4 184
2026 07 27 00 56  1.0  0.5 20.0  0.9  8.3   S   W    AVERAGE  6.0 171
2026 07 27 00 26  0.9  0.4 20.0  0.9  6.7   S   W    AVERAGE  5.6 191
2026 07 26 23 56  0.9  0.5 20.0  0.8  9.1  SW WSW    AVERAGE  6.1 222
2026 07 26 23 26  1.0  0.5 20.0  0.9  8.3 NNE   W    AVERAGE  6.4  25
2026 07 26 22 56  1.1  0.6 20.0  0.9  8.3 SSE   W    AVERAGE  6.5 166
2026 07 26 22 26  1.0  0.5 20.0  0.8  8.3   S   W    AVERAGE  6.3 187
2026 07 26 21 56  0.9  0.4 20.0  0.8  7.7  SW   W    AVERAGE  5.7 228
2026 07 26 21 26  0.9  0.5 20.0  0.8  6.7   S   W    AVERAGE  5.6 169
2026 07 26 20 56  0.9  0.5 20.0  0.8  6.7   S   W    AVERAGE  5.8 184
2026 07 26 20 26  1.0  0.5 20.0  0.8  7.7 SSW   W    AVERAGE  6.0 192
2026 07 26 19 56  1.0  0.5 20.0  0.8  7.7   S   W    AVERAGE  5.8 174
2026 07 26 19 26  1.0  0.5 20.0  0.9  7.7 SSW   W    AVERAGE  5.7 199
2026 07 26 18 56  1.0  0.4 20.0  0.9  7.7 SSE   W    AVERAGE  5.6 149
2026 07 26 18 26  1.1  0.6 20.0  0.9  7.1   S   W    AVERAGE  6.2 176
2026 07 26 17 56  1.1  0.6 20.0  0.9  6.7 SSE   W    AVERAGE  6.0 166
2026 07 26 17 26  1.1  0.5 20.0  0.9  6.2 SSE   W    AVERAGE  5.7 156
2026 07 26 16 56  1.0  0.4 20.0  0.9  6.7   S   W    AVERAGE  5.2 187
2026 07 26 16 26  1.0  0.5 20.0  0.9  6.7   S   W    AVERAGE  5.9 170
2026 07 26 15 56  0.9  0.5 20.0  0.8  7.7 SSW   W    AVERAGE  5.8 198
2026 07 26 15 26  1.0  0.6 20.0  0.8  7.7 SSE   W    AVERAGE  6.4 164
2026 07 26 14 56  0.9  0.4 20.0  0.8  7.1  SE WSW    AVERAGE  6.1 132
2026 07 26 14 26  0.9  0.4 20.0  0.8  7.1  SE   W    AVERAGE  6.2 139
2026 07 26 13 56  1.0  0.7 20.0  0.8  7.7  SW   W    AVERAGE  8.3 216
2026 07 26 13 26  0.9  0.4 20.0  0.9  7.1 SSE   W    AVERAGE  6.8 152
2026 07 26 12 56  0.9  0.5 20.0  0.8  7.1 WSW   W    AVERAGE  7.6 237
2026 07 26 12 26  0.9  0.5 20.0  0.7  7.1   S   W    AVERAGE  8.1 181
2026 07 26 11 56  0.9  0.6 20.0  0.8  7.7   W   W    AVERAGE  8.3 278
2026 07 26 11 26  1.0  0.7 20.0  0.7  7.1   S   W      SWELL  9.1 181
2026 07 26 10 56  0.8  0.4 20.0  0.7  8.3 SSW   W    AVERAGE  7.3 194
2026 07 26 10 26  0.8  0.3 20.0  0.7  7.7 SSW   W        N/A  6.9 266
2026 07 26 09 56  0.9  0.5 20.0  0.7  7.7   W   W    AVERAGE  8.0 268
2026 07 26 09 26  0.8  0.4 20.0  0.6  7.7 SSW   W        N/A  7.3 201
2026 07 26 08 56  0.8  0.4 20.0  0.7  8.3  SW   W        N/A  7.1 214
2026 07 26 08 26  0.8  0.3 20.0  0.7  7.7 SSE   W        N/A  6.6 263
2026 07 26 07 56  0.8  0.5 20.0  0.7  8.3 SSW   W    AVERAGE  7.2 209
2026 07 26 07 26  0.9  0.6 20.0  0.7  8.3 SSW   W    AVERAGE  7.9 195
2026 07 26 06 56  0.9  0.5 22.2  0.7  7.7 NNW   W    AVERAGE  7.0 343
2026 07 26 06 26  0.9  0.5 20.0  0.7  7.7   S   W    AVERAGE  7.4 191
2026 07 26 05 56  0.9  0.5 20.0  0.7  7.7 SSW   W    AVERAGE  7.3 201
2026 07 26 05 26  0.8  0.4 22.2  0.7  7.1 SSW   W    AVERAGE  6.6 197
2026 07 26 04 56  0.9  0.5 20.0  0.8  6.2 SSW   W    AVERAGE  6.6 205
2026 07 26 04 26  1.0  0.6 22.2  0.8  7.1   S   W    AVERAGE  7.2 178
2026 07 26 03 56  0.9  0.5 22.2  0.8  7.1   N   W    AVERAGE  6.7  10
2026 07 26 03 26  0.9  0.5 22.2  0.7  7.7 WSW   W    AVERAGE  6.5 240
2026 07 26 02 56  0.9  0.5 22.2  0.8  7.1 NNW   W    AVERAGE  6.3 347
2026 07 26 02 26  1.0  0.5 22.2  0.9  6.7   S   W    AVERAGE  6.5 184
2026 07 26 01 56  0.9  0.5 22.2  0.7  5.9 SSE   W    AVERAGE  6.5 163
2026 07 26 01 26  0.9  0.4 22.2  0.8  6.7 ESE   W    AVERAGE  5.8 119
2026 07 26 00 56  0.9  0.5 22.2  0.8  6.2   S   W    AVERAGE  6.3 171
2026 07 26 00 26  0.9  0.6 22.2  0.8  5.9 ENE   W    AVERAGE  6.3  63
2026 07 25 23 56  0.9  0.6 22.2  0.7  7.1   S   W    AVERAGE  6.5 184
2026 07 25 23 26  0.9  0.5 22.2  0.8  6.7   S   W    AVERAGE  6.5 184
2026 07 25 22 56  0.9  0.4 22.2  0.8  6.7  SW   W    AVERAGE  6.6 216
2026 07 25 22 26  0.9  0.4 10.5  0.8  7.1   S   W    AVERAGE  6.7 268
2026 07 25 21 56  0.9  0.5 20.0  0.8  6.2   S   W    AVERAGE  6.6 191
2026 07 25 21 26  0.9  0.5 22.2  0.8  6.7 SSE   W    AVERAGE  7.1 150
2026 07 25 20 56  0.9  0.5 22.2  0.8  6.7 SSW   W    AVERAGE  6.8 194
2026 07 25 20 26  0.9  0.6 22.2  0.7  7.7  NW   W    AVERAGE  7.4 311
2026 07 25 19 56  0.9  0.4 22.2  0.8  7.1   N   W    AVERAGE  6.5   3
2026 07 25 19 26  1.0  0.5 22.2  0.9  6.2 SSW   W    AVERAGE  6.6 208
2026 07 25 18 56  1.0  0.4 22.2  0.8  7.7   S   W    AVERAGE  6.5 191
2026 07 25 18 26  1.0  0.4 22.2  0.8  7.1   S   W    AVERAGE  6.7 181
2026 07 25 17 56  1.1  0.5 22.2  0.9  7.1  NW   W    AVERAGE  7.0 320
2026 07 25 17 26  1.0  0.4 22.2  0.9  6.7   W   W    AVERAGE  6.5 270
2026 07 25 16 56  1.0  0.5 22.2  0.9  6.2  SW   W    AVERAGE  6.8 235
2026 07 25 16 26  1.1  0.5 22.2  0.9  7.7 SSW   W    AVERAGE  6.8 201
2026 07 25 15 56  1.1  0.6 22.2  0.9  6.7 WSW   W    AVERAGE  7.1 242
2026 07 25 15 26  1.0  0.4 22.2  0.9  7.1 WSW   W    AVERAGE  6.7 242
2026 07 25 14 56  1.0  0.4 22.2  0.8  7.1   S   W    AVERAGE  6.8 273
2026 07 25 14 26  0.9  0.5 22.2  0.8  7.7  SW   W    AVERAGE  7.0 225
2026 07 25 13 56  1.1  0.6 22.2  0.8  6.2 SSW   W    AVERAGE  7.4 208
2026 07 25 13 26  1.0  0.5 22.2  0.9  7.1   S   W    AVERAGE  6.8 266
2026 07 25 12 56  1.0  0.4 11.8  0.9  7.7   S   W    AVERAGE  6.7 271
2026 07 25 12 26  1.0  0.5 22.2  0.9  7.1   S   W    AVERAGE  7.2 190
2026 07 25 11 56  1.1  0.5 11.1  0.9  7.1   S   W    AVERAGE  6.8 173
2026 07 25 11 26  0.9  0.5 10.5  0.8  7.7   S   W    AVERAGE  6.7 184
2026 07 25 10 56  1.0  0.5 11.8  0.8  6.2   S   W    AVERAGE  6.7 183
2026 07 25 10 26  1.0  0.5 11.8  0.8  7.7   S   W    AVERAGE  6.9 187
2026 07 25 09 56  0.9  0.5 11.8  0.7  6.7   S   W    AVERAGE  6.9 178
2026 07 25 09 26  0.9  0.5 12.5  0.7  9.9   S SSW    AVERAGE  6.8 181
2026 07 25 08 56  0.9  0.5 10.5  0.7  9.9   S SSW    AVERAGE  6.6 184
2026 07 25 08 26  1.0  0.6 11.8  0.8  9.9   S   S    AVERAGE  6.9 181
2026 07 25 07 56  0.9  0.6 11.8  0.8  5.9   S   W    AVERAGE  6.7 183
2026 07 25 07 26  1.0  0.7 11.1  0.7  9.9   S   S      SWELL  7.2 178
2026 07 25 06 56  1.0  0.6 12.5  0.8  6.7   S   W    AVERAGE  6.7 178
2026 07 25 06 26  1.1  0.6 12.5  0.9  6.2   S   W    AVERAGE  7.1 177
2026 07 25 05 56  1.1  0.6 11.1  0.9  5.9   S   W    AVERAGE  6.7 176
2026 07 25 05 26  1.0  0.6 11.1  0.8  9.9   S   S    AVERAGE  7.0 183
2026 07 25 04 56  1.0  0.6 11.1  0.9  9.9   S   S    AVERAGE  6.7 174
2026 07 25 04 26  1.1  0.7 11.8  0.8  9.9   S   S    AVERAGE  6.7 181
2026 07 25 03 56  1.1  0.7 11.8  0.9  6.2   S   W    AVERAGE  7.0 180
2026 07 25 03 26  1.1  0.6 12.5  0.9  9.9   S   S    AVERAGE  6.7 178
2026 07 25 02 56  1.0  0.6 11.1  0.8  9.9   S   S    AVERAGE  6.2 177
2026 07 25 02 26  1.0  0.5 11.1  0.9  9.9 SSW   S    AVERAGE  6.2 192
2026 07 25 01 56  1.0  0.5 11.8  0.9  6.7   S   W    AVERAGE  5.9 267
2026 07 25 01 26  1.1  0.6 11.1  0.9  8.3   S   W    AVERAGE  6.4 174
2026 07 25 00 56  1.1  0.7 11.8  0.9  6.7   S   W    AVERAGE  6.7 180
2026 07 25 00 26  1.1  0.6 13.3  0.9  7.1   S   W    AVERAGE  6.5 178
2026 07 24 23 56  1.2  0.7 11.8  0.9  6.7   S   W    AVERAGE  6.8 180
2026 07 24 23 26  1.1  0.7 11.1  0.9  7.7   S   W    AVERAGE  6.7 187
2026 07 24 22 56  1.1  0.7 11.8  0.9  7.7   S   W    AVERAGE  6.7 176
2026 07 24 22 26  1.1  0.6 11.8  0.9  6.7   S   W    AVERAGE  6.3 177
2026 07 24 21 56  1.2  0.7 11.8  0.9  6.7   S   W    AVERAGE  6.4 180
2026 07 24 21 26  1.1  0.6 12.5  0.9  9.9   S   S    AVERAGE  6.5 177
2026 07 24 20 56  1.0  0.6 11.8  0.9  6.7   S   W    AVERAGE  6.4 183
2026 07 24 20 26  1.1  0.6 11.8  0.8  8.3   S WSW    AVERAGE  6.5 185
2026 07 24 19 56  1.2  0.7 11.1  1.0  6.2   S   W    AVERAGE  6.5 178
2026 07 24 19 26  1.2  0.7 11.8  1.0  6.2   S   W    AVERAGE  6.5 173
2026 07 24 18 56  1.1  0.6 11.8  0.9  6.7   S   W    AVERAGE  6.4 185
2026 07 24 18 26  1.1  0.6 11.1  0.9  7.1   S   W    AVERAGE  6.5 174
2026 07 24 17 56  1.2  0.6 12.5  1.0  6.7   S   W    AVERAGE  6.4 185
2026 07 24 17 26  1.2  0.7 11.8  1.0  6.7   S   W    AVERAGE  6.8 183
2026 07 24 16 56  1.3  0.6 11.1  1.2  6.2   S   W    AVERAGE  6.8 191
2026 07 24 16 26  1.1  0.6 11.1  1.0  8.3   S   W    AVERAGE  6.7 184
2026 07 24 15 56  1.3  0.6 12.5  1.1  6.2   S   W    AVERAGE  6.7 178
2026 07 24 15 26  1.3  0.7 11.8  1.1  6.7   S   W    AVERAGE  6.9 174
2026 07 24 14 56  1.3  0.6 11.8  1.2  7.7   S   W    AVERAGE  6.7 270
2026 07 24 14 26  1.3  0.7 12.5  1.1  7.7   S   W    AVERAGE  7.0 178
2026 07 24 13 56  1.3  0.7 12.5  1.1  6.7   S   W    AVERAGE  6.9 187
2026 07 24 13 26  1.3  0.8 10.5  1.0  6.7   S   W    AVERAGE  7.2 181
2026 07 24 12 56  1.3  0.6 11.8  1.1  6.7   S   W    AVERAGE  6.8 184
2026 07 24 12 26  1.4  0.7 11.1  1.2  7.1   S   W    AVERAGE  6.9 169
2026 07 24 11 56  1.5  0.7 11.8  1.3  7.1   S   W      STEEP  7.0 273
2026 07 24 11 26  1.4  0.8 13.3  1.2  6.7   S   W    AVERAGE  7.1 185
2026 07 24 10 56  1.4  0.7 11.1  1.2  7.7   S   W    AVERAGE  6.7 270
2026 07 24 10 26  1.5  0.7 11.1  1.3  6.7   S   W      STEEP  6.6 275
2026 07 24 09 56  1.5  0.8 11.8  1.2  8.3   S   W    AVERAGE  6.9 174
2026 07 24 09 26  1.4  0.6 11.1  1.3  6.7   S   W      STEEP  6.4 274
2026 07 24 08 56  1.4  0.7 12.5  1.3  6.7   S   W    AVERAGE  6.3 178
2026 07 24 08 26  1.5  0.8 11.8  1.3  7.1   S   W    AVERAGE  6.7 173
2026 07 24 07 56  1.5  0.8 11.8  1.3  8.3   S   W    AVERAGE  6.6 176
2026 07 24 07 26  1.6  0.8 11.8  1.4  7.7   S   W    AVERAGE  6.7 174
2026 07 24 06 56  1.5  0.7 12.5  1.3  7.7   S   W    AVERAGE  6.2 171
2026 07 24 06 26  1.4  0.7 11.8  1.2  7.7   S   W    AVERAGE  6.1 176
2026 07 24 05 56  1.5  0.7 11.8  1.3  8.3   S   W    AVERAGE  5.9 180
2026 07 24 05 26  1.4  0.8 11.8  1.2  7.7   S   W    AVERAGE  6.0 181
2026 07 24 04 56  1.4  0.7 11.8  1.2  7.7   S   W    AVERAGE  6.0 181
2026 07 24 04 26  1.4  0.7 11.8  1.1  8.3   S   W    AVERAGE  6.0 176
2026 07 24 03 56  1.3  0.6 11.8  1.2  7.1   S   W    AVERAGE  5.8 176
2026 07 24 03 26  1.4  0.8 11.8  1.1  6.7   S   W    AVERAGE  6.1 176
2026 07 24 02 56  1.5  0.8 11.8  1.2  7.1   S   W    AVERAGE  6.0 174
2026 07 24 02 26  1.3  0.7 11.8  1.1  6.7   S   W    AVERAGE  5.8 176
2026 07 24 01 56  1.2  0.7 12.5  1.0  7.7   S   W    AVERAGE  6.0 171
2026 07 24 01 26  1.3  0.7 11.8  1.1  7.7 SSE   W    AVERAGE  6.1 166
2026 07 24 00 56  1.3  0.7 11.1  1.1  7.1   S   W    AVERAGE  6.2 183
2026 07 24 00 26  1.3  0.7 11.8  1.1  7.7   S   W    AVERAGE  6.2 183
2026 07 23 23 56  1.3  0.7 11.8  1.1  7.7   S   W    AVERAGE  6.1 268
2026 07 23 23 26  1.3  0.7 12.5  1.2  7.7 SSE   W    AVERAGE  6.0 166
2026 07 23 22 56  1.4  0.7 11.8  1.2  7.7 SSE   W    AVERAGE  6.0 163
2026 07 23 22 26  1.3  0.7 11.1  1.1  7.1   S   W    AVERAGE  5.9 171
2026 07 23 21 56  1.5  0.9 11.8  1.2  7.1   S   W    AVERAGE  6.7 171
2026 07 23 21 26  1.5  0.9 11.8  1.2  7.7   S   W    AVERAGE  7.3 173
2026 07 23 20 56  1.5  0.8 11.8  1.2  7.7   S   W    AVERAGE  7.6 181
2026 07 23 20 26  1.4  0.9 11.8  1.1  7.7   S   W    AVERAGE  7.8 183
2026 07 23 19 56  1.4  0.9 12.5  1.1  7.7   S   W    AVERAGE  7.8 177
2026 07 23 19 26  1.4  0.9 11.8  1.1  7.7   S   W    AVERAGE  7.8 178
2026 07 23 18 56  1.5  1.0 11.8  1.1  7.1   S   W    AVERAGE  8.1 181
2026 07 23 18 26  1.4  0.9 11.8  1.0  7.1   S   W    AVERAGE  7.9 171
2026 07 23 17 56  1.4  0.9 12.5  1.1  7.1   S   W    AVERAGE  7.9 171
2026 07 23 17 26  1.4  0.9 11.1  1.0  7.7   S   W    AVERAGE  7.9 176
2026 07 23 16 56  1.4  0.9 11.1  1.0  7.7   S WSW    AVERAGE  7.8 174
2026 07 23 16 26  1.4  0.9 12.5  1.0  7.7 SSE WSW    AVERAGE  7.8 167
2026 07 23 15 56  1.5  1.0 12.5  1.1  7.7   S   W    AVERAGE  7.9 173
2026 07 23 15 26  1.3  0.8 12.5  1.1  7.1   S WSW    AVERAGE  7.4 173
2026 07 23 14 56  1.7  1.1 12.5  1.3  7.7   S   W    AVERAGE  7.9 170
2026 07 23 14 26  1.7  0.8 11.8  1.4  7.7   S   W    AVERAGE  7.2 263
2026 07 23 13 56  1.8  0.9 12.5  1.5  7.7   S   W    AVERAGE  7.5 180
2026 07 23 13 26  1.8  1.0 12.5  1.5  7.1   S   W    AVERAGE  7.3 173
2026 07 23 12 56  1.8  1.1 12.5  1.4  7.7   S   W    AVERAGE  7.7 171
2026 07 23 12 26  1.9  1.1 13.3  1.6  7.7   S   W    AVERAGE  7.3 178
2026 07 23 11 56  1.8  1.0 12.5  1.5  7.7   S   W    AVERAGE  7.2 171
2026 07 23 11 26  1.9  1.1 12.5  1.5  7.1   S   W    AVERAGE  7.1 173
2026 07 23 10 56  1.9  1.0 12.5  1.6  7.7   S   W      STEEP  7.0 264
2026 07 23 10 26  1.9  1.1 12.5  1.6  7.7   S   W    AVERAGE  7.1 177
2026 07 23 09 56  2.1  0.9 12.5  1.9  7.1   S   W      STEEP  6.8 263
2026 07 23 09 26  2.0  0.8 13.3  1.9  7.1   S   W      STEEP  6.7 260
2026 07 23 08 56  2.1  0.8 13.3  1.9  7.7   S   W      STEEP  6.6 263
2026 07 23 08 26  1.9  0.8 13.3  1.7  7.1 SSE   W      STEEP  6.3 271
2026 07 23 07 56  2.0  0.9 13.3  1.8  7.7 SSE   W    AVERAGE  6.5 166
2026 07 23 07 26  2.0  0.9 13.3  1.8  7.1   S   W      STEEP  6.4 271
2026 07 23 06 56  1.9  0.7 13.3  1.8  7.7 SSE   W      STEEP  6.3 270
2026 07 23 06 26  1.9  0.8 14.3  1.7  7.1   S   W    AVERAGE  6.2 169
2026 07 23 05 56  1.9  0.6 14.3  1.8  7.1   S   W      STEEP  6.1 273
2026 07 23 05 26  1.9  0.8 13.3  1.7  7.1 SSE   W      STEEP  6.1 274
2026 07 23 04 56  1.9  0.7 13.3  1.7  7.1   S   W      STEEP  6.0 273
2026 07 23 04 26  1.7  0.6 15.4  1.6  7.1   S   W      STEEP  5.7 273
2026 07 23 03 56  1.5  0.7 14.3  1.4  6.7   S   W    AVERAGE  5.6 180
2026 07 23 03 26  1.5  0.7 13.3  1.3  7.1 SSE   W    AVERAGE  5.6 163
2026 07 23 02 56  1.6  0.7 13.3  1.5  6.2 SSE   W    AVERAGE  5.5 166
2026 07 23 02 26  1.5  0.7 13.3  1.4  6.7   S   W    AVERAGE  5.5 170
2026 07 23 01 56  1.5  0.8 14.3  1.3  6.7   S   W    AVERAGE  5.5 173
2026 07 23 01 26  1.4  0.6 14.3  1.2  6.7   S   W    AVERAGE  5.2 180
2026 07 23 00 56  1.3  0.6 14.3  1.2  6.2   S   W    AVERAGE  5.3 174
2026 07 23 00 26  1.3  0.6 13.3  1.1  5.9   S   W    AVERAGE  5.2 173
2026 07 22 23 56  1.2  0.6 14.3  1.1  6.2 SSE   W    AVERAGE  5.4 164
2026 07 22 23 26  1.1  0.5 15.4  1.0  6.2   S   W    AVERAGE  5.4 177
2026 07 22 22 56  1.2  0.6 14.3  1.1  5.6   S   W    AVERAGE  5.4 173
2026 07 22 22 26  1.2  0.7 14.3  1.0  5.6   S   W    AVERAGE  5.5 181
2026 07 22 21 56  1.2  0.6 14.3  1.0  5.6   S   W    AVERAGE  5.4 177
2026 07 22 21 26  1.1  0.6 14.3  0.9  5.6   S   W    AVERAGE  5.3 171
2026 07 22 20 56  1.1  0.6 14.3  0.9  5.6   S   W    AVERAGE  5.2 173
2026 07 22 20 26  1.0  0.5 15.4  0.9  5.6   S   W    AVERAGE  5.1 185
2026 07 22 19 56  1.1  0.6 14.3  0.9  5.6   S   W    AVERAGE  5.2 178
2026 07 22 19 26  1.0  0.6 15.4  0.9  5.6   S   W    AVERAGE  5.3 190
2026 07 22 18 56  1.0  0.5 15.4  0.9  5.3   S WNW    AVERAGE  5.2 183
2026 07 22 18 26  1.0  0.6 15.4  0.8  5.3   S WNW    AVERAGE  5.6 178
2026 07 22 17 56  1.1  0.6 14.3  0.8  5.3   S WNW    AVERAGE  5.4 176
2026 07 22 17 26  1.1  0.7 14.3  0.8  5.3   S WNW    AVERAGE  5.6 177
2026 07 22 16 56  1.0  0.6 15.4  0.8  5.0   S WNW    AVERAGE  5.2 171
2026 07 22 16 26  1.0  0.6 14.3  0.8  5.3 SSE WNW    AVERAGE  5.3 166
2026 07 22 15 56  1.0  0.6 15.4  0.8  5.0   S WNW    AVERAGE  5.3 180
2026 07 22 15 26  0.9  0.5 14.3  0.8  8.3   S  SW    AVERAGE  5.3 187
2026 07 22 14 56  1.0  0.6 15.4  0.8  4.8   S WNW    AVERAGE  5.6 171
2026 07 22 14 26  1.0  0.7 15.4  0.7  4.8   S WNW      SWELL  6.1 180
2026 07 22 13 56  0.9  0.6 15.4  0.7  8.3   S   S    AVERAGE  6.0 181
2026 07 22 13 26  0.9  0.6 15.4  0.7  8.3   S SSW    AVERAGE  6.1 176
2026 07 22 12 56  1.0  0.8 15.4  0.7  8.3   S   S      SWELL  6.9 178
2026 07 22 12 26  0.9  0.6 15.4  0.7  8.3   S   S    AVERAGE  6.3 178
2026 07 22 11 56  0.9  0.6 15.4  0.7  9.1   S SSW    AVERAGE  5.6 181
2026 07 22 11 26  0.9  0.6 15.4  0.7  8.3   S   S    AVERAGE  5.8 180
2026 07 22 10 56  0.9  0.7 15.4  0.7  8.3   S   S      SWELL  6.1 187
2026 07 22 10 26  0.9  0.6 16.7  0.7  8.3   S SSE    AVERAGE  5.6 185
2026 07 22 09 56  0.9  0.6 15.4  0.7  8.3   S   S    AVERAGE  5.5 184
2026 07 22 09 26  0.9  0.5 15.4  0.8  9.1   S SSW    AVERAGE  4.8 178
2026 07 22 08 56  0.9  0.6 15.4  0.7  3.9   S   W    AVERAGE  5.0 174
2026 07 22 08 26  1.0  0.7 15.4  0.8  8.3   S   S    AVERAGE  5.5 176
2026 07 22 07 56  0.9  0.5 15.4  0.7  8.3   S   S    AVERAGE  4.8 174
2026 07 22 07 26  0.9  0.6 15.4  0.7  8.3   S   S    AVERAGE  5.4 177
2026 07 22 06 56  0.9  0.6 15.4  0.7  9.1 SSE   S    AVERAGE  5.4 164
2026 07 22 06 26  1.1  0.7 15.4  0.8  9.1   S   S    AVERAGE  6.1 178
2026 07 22 05 56  1.0  0.7 15.4  0.7  9.1   S   S      SWELL  5.7 176
2026 07 22 05 26  1.0  0.7 15.4  0.7  9.1   S   S      SWELL  5.5 178
2026 07 22 04 56  1.0  0.6 15.4  0.8  9.1 SSE   S    AVERAGE  5.7 163
2026 07 22 04 26  0.9  0.6 14.3  0.8  9.1   S   S    AVERAGE  4.9 184
2026 07 22 03 56  1.0  0.6 14.3  0.8  9.1   S   S    AVERAGE  5.1 191
2026 07 22 03 26  0.9  0.6 15.4  0.8  9.1   S   S    AVERAGE  5.0 190
2026 07 22 02 56  1.1  0.7 15.4  0.8  9.1   S   S    AVERAGE  5.2 171
2026 07 22 02 26  1.1  0.7 12.5  0.9  3.6   S   W    AVERAGE  4.9 173
2026 07 22 01 56  1.0  0.6 15.4  0.9  9.1   S SSE    AVERAGE  4.9 183
2026 07 22 01 26  0.9  0.5 15.4  0.8  8.3   S   S    AVERAGE  4.9 180
2026 07 22 00 56  1.0  0.6 11.8  0.8  9.1   S SSE    AVERAGE  5.5 187
2026 07 22 00 26  0.9  0.6 12.5  0.7  9.1   S   S    AVERAGE  6.1 185
2026 07 21 23 56  0.8  0.5 15.4  0.6  9.1   S   S    AVERAGE  6.1 188
2026 07 21 23 26  0.8  0.6 16.7  0.6  9.1   S   S      SWELL  7.2 183
2026 07 21 22 56  0.8  0.6 16.7  0.6  8.3   S SSW      SWELL  8.3 174
2026 07 21 22 26  0.8  0.5 11.8  0.6  9.1   S   S    AVERAGE  7.6 184
2026 07 21 21 56  0.8  0.6 15.4  0.5  9.9   S   S      SWELL  8.6 190
2026 07 21 21 26  0.8  0.6 16.7  0.6  9.1   S   S        N/A  8.7 190
2026 07 21 20 56  0.8  0.6 16.7  0.6  9.1   S   S      SWELL  9.0 187
2026 07 21 20 26  0.8  0.5 12.5  0.6  9.9   S   S        N/A  8.6 174
2026 07 21 19 56  0.8  0.5 15.4  0.6  9.1   S   S    AVERAGE  8.5 184
2026 07 21 19 26  0.8  0.5 13.3  0.6  9.1 SSW   S    AVERAGE  8.5 183
2026 07 21 18 56  0.8  0.5 12.5  0.6  9.1   S   S    AVERAGE  8.6 181
2026 07 21 18 26  0.8  0.6 12.5  0.6  9.1   S   S        N/A  9.0 180
2026 07 21 17 56  0.8  0.6 13.3  0.6  9.9   S   S      SWELL  8.7 177
2026 07 21 17 26  0.8  0.5 13.3  0.6  9.9   S   S        N/A  8.8 191
2026 07 21 16 56  0.8  0.6 16.7  0.6  9.1   S   S      SWELL  9.4 184
2026 07 21 16 26  0.8  0.6 16.7  0.5  9.1   S   S        N/A  9.1 178
2026 07 21 15 56  0.8  0.6 16.7  0.6  9.1   S   S      SWELL  8.8 185
2026 07 21 15 26  0.9  0.6 12.5  0.6  9.1   S   S      SWELL  9.3 185
2026 07 21 14 56  0.8  0.6 16.7  0.6  9.9   S   S      SWELL  9.4 184
2026 07 21 14 26  0.8  0.6 13.3  0.6  9.1   S   S      SWELL  9.4 177
2026 07 21 13 56  0.9  0.6 13.3  0.6  9.9   S   S      SWELL  9.1 180
2026 07 21 13 26  0.8  0.5 13.3  0.5  9.9   S   S        N/A  9.0 181
2026 07 21 12 56  0.8  0.6 13.3  0.5  9.1   S   S        N/A  9.5 185
2026 07 21 12 26  0.8  0.6 15.4  0.6  9.9   S   S        N/A  9.4 176
2026 07 21 11 56  0.8  0.7 13.3  0.5  9.1   S   S      SWELL  9.8 173
2026 07 21 11 26  0.8  0.6 13.3  0.6  9.9   S   S      SWELL  9.4 184
2026 07 21 10 56  0.8  0.6 13.3  0.5  9.9   S   S      SWELL  9.4 181
2026 07 21 10 26  0.8  0.6 13.3  0.6  9.9   S   S      SWELL  9.2 190
2026 07 21 09 56  0.8  0.6 12.5  0.6  9.9 SSE   S        N/A  8.9 187
2026 07 21 09 26  0.9  0.7 13.3  0.6  9.9   S   S      SWELL  9.6 171
2026 07 21 08 56  0.9  0.6 13.3  0.6  9.9   S   S      SWELL  8.9 180
2026 07 21 08 26  0.8  0.6 13.3  0.6  9.9   S   S      SWELL  8.5 169
2026 07 21 07 56  0.9  0.6 13.3  0.7  9.9   S   S    AVERAGE  8.4 181
2026 07 21 07 26  0.9  0.6 13.3  0.6  9.9   S   S      SWELL  8.0 185
2026 07 21 06 56  0.9  0.6 13.3  0.7  9.9   S   S    AVERAGE  8.2 180
2026 07 21 06 26  0.9  0.6 13.3  0.7  9.9   S   S    AVERAGE  7.6 185
2026 07 21 05 56  1.0  0.7 13.3  0.7  9.9   S   S      SWELL  7.5 169
2026 07 21 05 26  0.9  0.7 12.5  0.7  9.9   S   S      SWELL  7.2 178
2026 07 21 04 56  0.9  0.6 13.3  0.7  9.9   S   S    AVERAGE  6.6 178
2026 07 21 04 26  0.9  0.6 13.3  0.7  9.9   S   S    AVERAGE  6.4 185
2026 07 21 03 56  1.0  0.7 13.3  0.8  9.9   S   S    AVERAGE  6.8 181
2026 07 21 03 26  0.9  0.6 13.3  0.7  9.9   S   S    AVERAGE  6.2 170
2026 07 21 02 56  1.0  0.7 10.5  0.8  9.9   S   S    AVERAGE  6.7 170
2026 07 21 02 26  1.0  0.6 13.3  0.8  9.9 SSE   S    AVERAGE  6.6 161
2026 07 21 01 56  1.0  0.7 13.3  0.8  9.9 SSE   S    AVERAGE  6.8 160
2026 07 21 01 26  1.0  0.7 12.5  0.7  9.1   S   S      SWELL  7.2 184
2026 07 21 00 56  0.9  0.6 13.3  0.6  9.9   S   S      SWELL  7.2 180
2026 07 21 00 26  1.0  0.7 13.3  0.7  9.9   S   S      SWELL  8.1 174
2026 07 20 23 56  0.9  0.7 13.3  0.6  9.9   S   S      SWELL  8.7 178
2026 07 20 23 26  1.1  0.7 10.5  0.8  9.9   S   S    AVERAGE  9.1 187
2026 07 20 22 56  0.9  0.7 14.3  0.6  9.9   S   S      SWELL  9.0 181
2026 07 20 22 26  0.9  0.6 13.3  0.6  9.9   S   S      SWELL  8.6 176
2026 07 20 21 56  0.9  0.7 13.3  0.6  9.9   S   S      SWELL  9.1 181
2026 07 20 21 26  0.9  0.7 13.3  0.6  9.9   S   S      SWELL  9.0 180
2026 07 20 20 56  0.9  0.7 13.3  0.6  9.1   S   S      SWELL  8.9 174
2026 07 20 20 26  0.9  0.7 10.5  0.6  9.9   S   S      SWELL  8.9 180
2026 07 20 19 56  0.9  0.6 13.3  0.7  9.9 SSE   S    AVERAGE  8.3 185
2026 07 20 19 26  1.0  0.7 13.3  0.7  9.9   S   S      SWELL  8.8 173
2026 07 20 18 56  0.9  0.6 13.3  0.6  9.9   S   S      SWELL  8.3 187
2026 07 20 18 26  1.0  0.7 14.3  0.7  9.9   S   S      SWELL  8.8 181
2026 07 20 17 56  1.0  0.7 13.3  0.7  9.9   S   S      SWELL  8.6 180
2026 07 20 17 26  0.9  0.6 10.5  0.7  9.9   S   S    AVERAGE  7.8 174
2026 07 20 16 56  0.9  0.6 13.3  0.7  9.9   S   S    AVERAGE  7.9 174
2026 07 20 16 26  1.0  0.7 10.5  0.7  9.9   S   S      SWELL  8.1 178
2026 07 20 15 56  1.0  0.7 14.3  0.8  9.9   S   S    AVERAGE  7.6 181
2026 07 20 15 26  0.9  0.6 14.3  0.7  9.9   S   S    AVERAGE  7.7 190
2026 07 20 14 56  0.9  0.6 11.1  0.7  9.9   S   S    AVERAGE  7.7 190
2026 07 20 14 26  0.9  0.6 14.3  0.7  9.9   S   S    AVERAGE  7.8 174
2026 07 20 13 56  0.9  0.7 14.3  0.7  9.9   S   S      SWELL  8.3 180
2026 07 20 13 26  0.9  0.6 14.3  0.7  9.9   S   S    AVERAGE  7.7 181
2026 07 20 12 56  1.0  0.7 10.5  0.7  9.1   S   S      SWELL  8.2 190
2026 07 20 12 26  1.0  0.7 11.1  0.7  9.9   S   S      SWELL  8.0 181
2026 07 20 11 56  0.9  0.6 13.3  0.7  9.9   S   S    AVERAGE  8.1 183
2026 07 20 11 26  0.9  0.6 10.5  0.7  9.9   S   S    AVERAGE  8.1 191
2026 07 20 10 56  0.9  0.7 10.5  0.7  9.9   S   S      SWELL  8.2 180
2026 07 20 10 26  0.9  0.6 14.3  0.7  9.1   S   S    AVERAGE  8.2 177
2026 07 20 09 56  0.9  0.7 14.3  0.7  9.9   S   S      SWELL  8.3 191
2026 07 20 09 26  1.0  0.7 14.3  0.7  9.9   S   S      SWELL  8.4 181
2026 07 20 08 56  1.0  0.6 14.3  0.7  9.9   S   S    AVERAGE  8.0 191
2026 07 20 08 26  0.9  0.7 10.5  0.7  9.9   S   S      SWELL  7.6 183
2026 07 20 07 56  1.0  0.8 11.8  0.7  9.9   S   S      SWELL  8.2 184
2026 07 20 07 26  0.9  0.7 10.5  0.7  9.9   S   S      SWELL  7.6 180
2026 07 20 06 56  1.0  0.7 11.1  0.7  9.9   S   S      SWELL  7.5 181
2026 07 20 06 26  1.0  0.7 11.1  0.7  9.9   S   S      SWELL  7.3 187
2026 07 20 05 56  1.0  0.7 11.1  0.7  9.9   S   S      SWELL  7.2 180
2026 07 20 05 26  1.0  0.7 11.1  0.7  9.9   S   S      SWELL  6.7 173
2026 07 20 04 56  1.0  0.7 11.1  0.7  9.9   S   S      SWELL  6.5 177
2026 07 20 04 26  1.1  0.8 10.5  0.8  9.9   S   S      SWELL  6.6 181
2026 07 20 03 56  1.1  0.7 11.1  0.8  9.9   S   S    AVERAGE  6.3 180
2026 07 20 03 26  1.0  0.7 11.1  0.8  9.9   S   S    AVERAGE  5.6 174
2026 07 20 02 56  1.1  0.7 10.5  0.8  9.9   S   S    AVERAGE  5.7 177
2026 07 20 02 26  1.2  0.8 11.8  0.9  9.9   S   S    AVERAGE  5.6 181
2026 07 20 01 56  1.2  0.7 11.1  0.9  9.9   S   S    AVERAGE  5.3 177
2026 07 20 01 26  1.1  0.6 11.1  0.9  9.9   S   S    AVERAGE  4.8 176
2026 07 20 00 56  1.1  0.7 11.8  0.9  9.9   S   S    AVERAGE  5.2 174
2026 07 20 00 26  1.1  0.7 11.8  0.8  9.9   S   S    AVERAGE  5.5 174
2026 07 19 23 56  1.1  0.7 11.1  0.8  9.9   S   S    AVERAGE  6.1 183
2026 07 19 23 26  1.0  0.8 12.5  0.7  9.9   S   S      SWELL  6.9 187
2026 07 19 22 56  0.9  0.7 11.8  0.6  9.9   S   S      SWELL  6.8 181
2026 07 19 22 26  0.9  0.7 11.8  0.6  9.9   S   S      SWELL  7.0 173
2026 07 19 21 56  1.0  0.8 12.5  0.7  9.9   S   S      SWELL  8.4 178
2026 07 19 21 26  1.0  0.8 11.8  0.7  9.9   S   S      SWELL  8.5 178
2026 07 19 20 56  0.9  0.7 12.5  0.6  9.9 SSE   S      SWELL  8.4 160
2026 07 19 20 26  1.1  0.8 11.8  0.7  9.9   S   S      SWELL  9.1 178
2026 07 19 19 56  1.0  0.8 12.5  0.6  9.9   S   S      SWELL  8.7 177
2026 07 19 19 26  1.1  1.0 12.5  0.6  9.9   S   S      SWELL  9.3 187
2026 07 19 18 56  1.2  1.0 11.8  0.6  9.9   S   S      SWELL  9.5 176
2026 07 19 18 26  1.1  0.9 11.8  0.6  9.9   S   S      SWELL  8.4 180
2026 07 19 17 56  1.2  1.1 12.5  0.6  9.9   S   S      SWELL  9.6 173
2026 07 19 17 26  1.2  1.0 12.5  0.7  9.9   S   S      SWELL  9.0 178
2026 07 19 16 56  1.3  1.0 12.5  0.8  9.9   S   S      SWELL  9.1 170
2026 07 19 16 26  1.2  1.0 12.5  0.7  9.9   S   S      SWELL  9.0 176
2026 07 19 15 56  1.2  1.0 12.5  0.7  9.9   S   S      SWELL  8.8 180
2026 07 19 15 26  1.3  1.1 11.8  0.7  9.9   S   S      SWELL  9.3 181
2026 07 19 14 56  1.2  1.0 13.3  0.6  9.9   S   S      SWELL  9.2 178
2026 07 19 14 26  1.1  0.9 13.3  0.7  9.9   S   S      SWELL  8.6 180
2026 07 19 13 56  1.3  1.1 12.5  0.7  9.9   S   S      SWELL  9.2 183
2026 07 19 13 26  1.2  0.8 12.5  0.8  9.9   S   S      SWELL  7.9 173
2026 07 19 12 56  1.1  0.8 13.3  0.8  9.9   S   S      SWELL  7.7 183
2026 07 19 12 26  1.2  1.0 14.3  0.7  9.9   S   S      SWELL  8.4 180
2026 07 19 11 56  1.1  0.8 13.3  0.8  9.9   S   S      SWELL  7.6 184
2026 07 19 11 26  1.1  0.7 13.3  0.8  9.9   S   S    AVERAGE  7.3 176
2026 07 19 10 56  0.9  0.6 14.3  0.7  9.9   S   S    AVERAGE  7.1 187
2026 07 19 10 26  1.0  0.7 11.1  0.7  9.9   S   S      SWELL  7.4 180
2026 07 19 09 56  0.9  0.6 11.8  0.7  9.9   S   S    AVERAGE  7.2 178
2026 07 19 09 26  0.9  0.7 11.8  0.7  9.9   S   S      SWELL  7.3 185
2026 07 19 08 56  0.8  0.6 12.5  0.6  9.1   S   S      SWELL  6.8 181
2026 07 19 08 26  0.9  0.7 11.1  0.7  9.9   S   S      SWELL  7.5 183
2026 07 19 07 56  0.8  0.6 11.1  0.6  9.9   S   S      SWELL  6.8 171
2026 07 19 07 26  0.8  0.5 10.5  0.6  9.9   S   S        N/A  6.1 190
2026 07 19 06 56  0.9  0.5 15.4  0.7  9.9 SSW   S    AVERAGE  6.5 177
2026 07 19 06 26  0.9  0.5 15.4  0.7  9.9 SSW   S    AVERAGE  6.4 212
2026 07 19 05 56  0.9  0.5 11.1  0.7  9.9   S   S    AVERAGE  5.9 181
2026 07 19 05 26  0.9  0.6 10.5  0.7  8.3   S WSW    AVERAGE  6.2 178
2026 07 19 04 56  1.0  0.6 12.5  0.8  9.9   S   S    AVERAGE  5.6 190
2026 07 19 04 26  0.9  0.5 11.1  0.8  9.9   S   S    AVERAGE  5.0 178
2026 07 19 03 56  0.9  0.5 11.1  0.8  9.9   S   S    AVERAGE  5.3 177
2026 07 19 03 26  0.9  0.5 10.5  0.8  9.9   S   S    AVERAGE  5.1 177
2026 07 19 02 56  1.0  0.5 11.1  0.8  9.9   S   S    AVERAGE  5.0 177
2026 07 19 02 26  1.0  0.5 10.5  0.8  9.9   S   S    AVERAGE  5.0 173
2026 07 19 01 56  1.0  0.5 11.1  0.9  9.9   S   S    AVERAGE  4.7 178
2026 07 19 01 26  1.0  0.5 10.5  0.9  3.9   S WNW    AVERAGE  4.4 183
2026 07 19 00 56  1.0  0.4 10.5  0.9  9.9   S   S    AVERAGE  4.5 178
2026 07 19 00 26  1.0  0.4 10.5  0.9  9.9   S   S    AVERAGE  4.4 173
2026 07 18 23 56  0.9  0.4 10.5  0.8  8.3   S  SW    AVERAGE  4.6 177
2026 07 18 23 26  0.9  0.5 11.1  0.8  9.9 SSW   S    AVERAGE  5.1 195
2026 07 18 22 56  0.8  0.4 13.3  0.7  9.9 SSW SSW    AVERAGE  5.1 192
2026 07 18 22 26  0.7  0.4 10.5  0.6  9.9   S   S        N/A  5.6 180
2026 07 18 21 56  0.7  0.4 10.5  0.6  9.9   S   S        N/A  6.4 170
2026 07 18 21 26  0.7  0.4 10.5  0.6  9.9   S   S        N/A  6.6 173
2026 07 18 20 56  0.8  0.4 11.1  0.6  9.1   S  SW        N/A  6.9 180
2026 07 18 20 26  0.7  0.4 12.5  0.6  8.3   S   W        N/A  6.5 263
2026 07 18 19 56  0.8  0.3 15.4  0.7  6.7 WSW   W        N/A  6.4 257
2026 07 18 19 26  0.8  0.4 10.5  0.7  6.7   S   W    AVERAGE  6.4 176
2026 07 18 18 56  0.8  0.4 10.5  0.7  9.9   S   S    AVERAGE  6.5 190
2026 07 18 18 26  0.8  0.4 15.4  0.7  7.1  SW   W    AVERAGE  6.4 264
2026 07 18 17 56  0.8  0.4 11.1  0.7  7.1   S   W        N/A  6.3 261
2026 07 18 17 26  0.8  0.3 12.5  0.7  7.1   S   W        N/A  6.3 263
2026 07 18 16 56  0.8  0.4 14.3  0.7  7.7  SW   W        N/A  6.4 261
2026 07 18 16 26  0.8  0.4 10.5  0.7  9.1   S  SW        N/A  6.5 218
2026 07 18 15 56  0.8  0.4 13.3  0.7  7.7   S   W    AVERAGE  6.4 188
2026 07 18 15 26  0.8  0.3 14.3  0.7  8.3 SSW WSW    AVERAGE  6.3 251
2026 07 18 14 56  0.8  0.4 12.5  0.7  8.3   S   W    AVERAGE  6.4 259
2026 07 18 14 26  0.9  0.4 15.4  0.8  8.3 WSW WSW    AVERAGE  6.5 244
2026 07 18 13 56  0.8  0.4 12.5  0.8  8.3   S   W    AVERAGE  6.7 260
2026 07 18 13 26  0.8  0.4 11.1  0.8  8.3 SSW WSW    AVERAGE  6.7 249
2026 07 18 12 56  0.9  0.4 12.5  0.8  9.1   S WSW    AVERAGE  6.9 244
2026 07 18 12 26  0.9  0.3 16.7  0.8  9.1 WSW WSW    AVERAGE  6.6 250
2026 07 18 11 56  0.8  0.4 11.8  0.7  9.1   S WSW    AVERAGE  7.0 242
2026 07 18 11 26  0.9  0.3 11.8  0.8  9.1   S WSW    AVERAGE  7.1 244
2026 07 18 10 56  0.8  0.3 14.3  0.7  9.1 SSW  SW    AVERAGE  7.0 230
2026 07 18 10 26  0.7  0.3 16.7  0.6  8.3 WSW WSW        N/A  6.9 247
2026 07 18 09 56  0.8  0.4 11.8  0.7  9.1 SSW WSW        N/A  6.9 249
2026 07 18 09 26  0.9  0.4 11.8  0.8  8.3  SW   W    AVERAGE  7.0 260
2026 07 18 08 56  0.9  0.4 13.3  0.8  8.3 SSW WSW    AVERAGE  7.0 256
2026 07 18 08 26  0.9  0.3 12.5  0.8  9.1 SSW   W    AVERAGE  6.9 261
2026 07 18 07 56  0.8  0.3 15.4  0.8  8.3  SW   W    AVERAGE  6.5 261
2026 07 18 07 26  0.8  0.4 13.3  0.8  8.3 SSW   W    AVERAGE  6.4 271
2026 07 18 06 56  0.8  0.3 12.5  0.8  9.1  SW WSW    AVERAGE  6.4 250
2026 07 18 06 26  0.8  0.3 13.3  0.7  7.7  SW   W    AVERAGE  6.5 267
2026 07 18 05 56  0.8  0.3 14.3  0.8  9.1  SW WSW    AVERAGE  6.6 249
2026 07 18 05 26  0.9  0.3 13.3  0.8  8.3 WSW   W    AVERAGE  6.3 266
2026 07 18 04 56  0.8  0.4 12.5  0.8  8.3  SW   W    AVERAGE  6.6 270
2026 07 18 04 26  0.9  0.3 10.5  0.8  8.3 SSW   W    AVERAGE  6.5 271
2026 07 18 03 56  0.9  0.3 15.4  0.8  7.7 WSW   W    AVERAGE  6.4 266
2026 07 18 03 26  0.9  0.3 10.5  0.8  8.3  SW   W    AVERAGE  6.3 263
2026 07 18 02 56  0.8  0.3 15.4  0.8  9.9  SW WSW    AVERAGE  6.3 249
2026 07 18 02 26  0.9  0.3 15.4  0.9  8.3 SSW   W    AVERAGE  6.4 266
2026 07 18 01 56  0.9  0.3 13.3  0.8  8.3  SW   W    AVERAGE  5.9 267
2026 07 18 01 26  0.9  0.3 12.5  0.8  9.1  SW   W    AVERAGE  5.9 266
2026 07 18 00 56  1.1  0.4 10.5  1.1  9.1 WSW   W    AVERAGE  6.2 268
2026 07 18 00 26  1.1  0.3 15.4  1.0  8.3 WSW   W    AVERAGE  6.2 270
2026 07 17 23 56  1.1  0.3 13.3  1.0  9.1  SW   W    AVERAGE  6.2 271
2026 07 17 23 26  1.1  0.3 10.5  1.0  9.1   W   W    AVERAGE  6.3 271
2026 07 17 22 56  1.0  0.3 13.3  0.9  9.9  SW   W    AVERAGE  5.8 273
2026 07 17 22 26  0.9  0.3 13.3  0.9  8.3   W   W    AVERAGE  5.7 274
2026 07 17 21 56  0.9  0.3 10.5  0.8  7.7   W   W    AVERAGE  5.7 271
2026 07 17 21 26  0.9  0.3 15.4  0.8  9.1  SW   W    AVERAGE  5.7 274
2026 07 17 20 56  0.9  0.4 15.4  0.8  9.9 SSW   W    AVERAGE  5.6 268
2026 07 17 20 26  0.9  0.3 11.8  0.8  7.7  SW   W    AVERAGE  5.2 275
2026 07 17 19 56  0.9  0.3 12.5  0.8  9.1  SW   W    AVERAGE  5.5 275
2026 07 17 19 26  1.0  0.3 14.3  0.9  8.3 SSW   W    AVERAGE  5.8 274
2026 07 17 18 56  1.0  0.3 15.4  0.9  7.7 SSW   W    AVERAGE  5.8 275
2026 07 17 18 26  1.0  0.3 11.1  1.0  7.7 WSW   W    AVERAGE  5.8 280
2026 07 17 17 56  1.0  0.3 11.8  0.9  7.7 SSW   W    AVERAGE  5.6 278
2026 07 17 17 26  1.0  0.3 15.4  0.9  8.3  SW   W    AVERAGE  5.5 278
2026 07 17 16 56  1.0  0.3 14.3  0.9  9.1  SW   W    AVERAGE  5.5 278
2026 07 17 16 26  1.0  0.3 14.3  1.0  8.3   S   W    AVERAGE  5.4 277
2026 07 17 15 56  1.1  0.3 15.4  1.1  9.1 SSW   W    AVERAGE  5.5 275
2026 07 17 15 26  1.2  0.3 15.4  1.2  8.3  SW   W    AVERAGE  5.9 273
2026 07 17 14 56  1.1  0.3 14.3  1.0  7.1  SW   W    AVERAGE  5.3 270
2026 07 17 14 26  1.2  0.3 15.4  1.1  8.3 SSW   W    AVERAGE  5.5 271
2026 07 17 13 56  1.1  0.3 15.4  1.0  8.3  SW   W    AVERAGE  5.4 273
2026 07 17 13 26  1.1  0.3 13.3  1.0  8.3 WSW   W    AVERAGE  5.3 274
2026 07 17 12 56  1.1  0.4 14.3  1.0  8.3  SW   W    AVERAGE  5.8 278
2026 07 17 12 26  1.0  0.3 11.8  1.0  7.1   S   W    AVERAGE  5.3 274
2026 07 17 11 56  1.1  0.4 15.4  1.0  9.1   S   W    AVERAGE  5.5 277
2026 07 17 11 26  1.0  0.4 14.3  0.9  8.3 SSW   W    AVERAGE  5.9 274
2026 07 17 10 56  1.0  0.4 15.4  0.9  9.1   S   W    AVERAGE  5.9 271
2026 07 17 10 26  1.0  0.3 12.5  0.9  8.3 SSW   W    AVERAGE  5.9 274
2026 07 17 09 56  0.9  0.3 10.5  0.8  7.7   W   W    AVERAGE  5.9 274
2026 07 17 09 26  0.8  0.4 15.4  0.8  8.3 SSW   W    AVERAGE  5.5 273
2026 07 17 08 56  0.9  0.3 12.5  0.8  8.3  SW   W    AVERAGE  5.9 271
2026 07 17 08 26  0.8  0.3 15.4  0.7  9.1 WSW   W        N/A  5.7 271
2026 07 17 07 56  0.8  0.4 15.4  0.8  8.3 SSW   W    AVERAGE  6.0 274
2026 07 17 07 26  0.9  0.3 14.3  0.8  8.3 SSW   W    AVERAGE  6.1 271
2026 07 17 06 56  0.9  0.4 14.3  0.8  8.3  SW   W    AVERAGE  6.3 273
2026 07 17 06 26  0.8  0.3 14.3  0.8  8.3  SW   W    AVERAGE  5.9 273
2026 07 17 05 56  0.8  0.4 12.5  0.7  8.3  SW   W    AVERAGE  5.8 226
2026 07 17 05 26  0.9  0.3 14.3  0.8  8.3 SSW   W    AVERAGE  5.7 275
2026 07 17 04 56  0.9  0.4 13.3  0.8  8.3 SSW   W    AVERAGE  5.9 275
2026 07 17 04 26  0.9  0.3 12.5  0.9  9.1   S   W    AVERAGE  5.9 271
2026 07 17 03 56  0.9  0.4 12.5  0.9  8.3 SSW   W    AVERAGE  6.0 274
2026 07 17 03 26  1.0  0.4 12.5  0.9  8.3   S   W    AVERAGE  5.7 273
2026 07 17 02 56  1.0  0.3 15.4  0.9  7.1  SW   W    AVERAGE  5.3 271
2026 07 17 02 26  1.0  0.4 16.7  1.0  8.3   S   W    AVERAGE  5.4 275
2026 07 17 01 56  1.0  0.3 16.7  0.9  7.7 SSW   W    AVERAGE  5.5 277
2026 07 17 01 26  1.1  0.4 15.4  1.0  7.7 SSW   W    AVERAGE  5.5 277
2026 07 17 00 56  0.9  0.3 16.7  0.9  8.3  SW   W    AVERAGE  5.4 275
2026 07 17 00 26  1.0  0.3 12.5  0.9  8.3 SSW   W    AVERAGE  5.8 281
2026 07 16 23 56  1.1  0.4 16.7  1.0  8.3 SSW   W    AVERAGE  6.0 275
2026 07 16 23 26  1.0  0.3 12.5  0.9  8.3 SSW WNW    AVERAGE  5.9 282
2026 07 16 22 56  1.0  0.3 16.7  0.9  8.3   S   W    AVERAGE  5.5 280
2026 07 16 22 26  1.0  0.3 16.7  0.9  8.3   S WNW    AVERAGE  5.5 284
2026 07 16 21 56  1.1  0.3 12.5  1.0  7.7 SSW   W    AVERAGE  5.5 278
2026 07 16 21 26  1.0  0.4 16.7  0.9  8.3 SSW   W    AVERAGE  5.3 277
2026 07 16 20 56  1.0  0.3 16.7  0.9  7.7   S   W    AVERAGE  5.1 281
2026 07 16 20 26  1.0  0.4 16.7  0.9  7.7   S   W    AVERAGE  5.2 278
2026 07 16 19 56  0.9  0.4 11.8  0.9  7.7   S   W    AVERAGE  5.1 281
2026 07 16 19 26  1.0  0.4 16.7  0.9  7.1   S   W    AVERAGE  5.2 280
2026 07 16 18 56  0.9  0.3 12.5  0.8  7.7 SSW   W    AVERAGE  5.0 280
2026 07 16 18 26  0.9  0.3 12.5  0.9  6.7 SSW   W    AVERAGE  5.0 281
2026 07 16 17 56  0.9  0.3 13.3  0.8  7.1 SSW   W    AVERAGE  4.8 280
2026 07 16 17 26  0.9  0.4 13.3  0.9  6.7  SW WNW    AVERAGE  5.2 282
2026 07 16 16 56  0.9  0.3 16.7  0.9  7.1  SW WNW    AVERAGE  5.0 282
2026 07 16 16 26  0.9  0.3 12.5  0.8  7.7 SSW WNW    AVERAGE  5.2 284
2026 07 16 15 56  0.9  0.3 13.3  0.8  7.1   S   W    AVERAGE  5.6 280
2026 07 16 15 26  1.0  0.3 16.7  0.9  7.7   S WNW    AVERAGE  5.7 282
2026 07 16 14 56  0.9  0.3 16.7  0.8  7.1 SSW   W    AVERAGE  5.5 281
2026 07 16 14 26  0.9  0.3 12.5  0.9  7.7 SSW   W    AVERAGE  5.5 278
2026 07 16 13 56  0.9  0.3 16.7  0.9  7.7 SSW   W    AVERAGE  5.5 278
2026 07 16 13 26  1.0  0.3 16.7  1.0  7.1   S   W    AVERAGE  5.7 281
2026 07 16 12 56  0.9  0.3 13.3  0.9  7.7 SSW WNW    AVERAGE  5.6 282
2026 07 16 12 26  0.8  0.3 12.5  0.8  7.1  SW WNW    AVERAGE  5.3 284
2026 07 16 11 56  0.9  0.4 13.3  0.8  7.7 SSW   W    AVERAGE  5.7 281
2026 07 16 11 26  0.8  0.3 13.3  0.8  7.7  SW   W    AVERAGE  5.4 280
2026 07 16 10 56  0.8  0.3 13.3  0.7  7.7 SSW   W    AVERAGE  5.5 277
2026 07 16 10 26  0.8  0.4 13.3  0.7  7.1 SSW   W        N/A  5.3 192
2026 07 16 09 56  0.8  0.4 14.3  0.7  7.1 SSW   W    AVERAGE  5.4 270
2026 07 16 09 26  0.8  0.4 13.3  0.7  7.1 SSW   W    AVERAGE  5.3 195
2026 07 16 08 56  0.8  0.3 12.5  0.7  7.7 SSW   W        N/A  5.2 277
2026 07 16 08 26  0.8  0.4 12.5  0.7  6.7 SSW   W        N/A  5.0 278
2026 07 16 07 56  0.7  0.3 12.5  0.6  6.2   S   W        N/A  5.5 190
2026 07 16 07 26  0.7  0.3 13.3  0.6  7.1   S   W        N/A  6.5 188
2026 07 16 06 56  0.6  0.3 16.7  0.5  7.1  SW WNW        N/A  6.3 214
2026 07 16 06 26  0.7  0.3 13.3  0.6  7.7  SW   W        N/A  6.0 278
2026 07 16 05 56  0.7  0.4 13.3  0.6  5.9 SSW   W        N/A  6.1 195
2026 07 16 05 26  0.7  0.4 12.5  0.5  7.7   S   W        N/A  6.6 190
2026 07 16 04 56  0.6  0.4 13.3  0.5  5.6 SSW   W        N/A  6.0 194
2026 07 16 04 26  0.6  0.3 13.3  0.5  7.7 SSW   W        N/A  5.8 201
2026 07 16 03 56  0.6  0.4 13.3  0.5  7.7   S   W        N/A  5.5 173
2026 07 16 03 26  0.7  0.4 13.3  0.5  5.3   S   W        N/A  5.4 173
2026 07 16 02 56  0.7  0.4 13.3  0.5  5.9   S   W        N/A  5.2 178
2026 07 16 02 26  0.7  0.3 13.3  0.6  5.6 SSW   W        N/A  4.5 197
2026 07 16 01 56  0.8  0.4 13.3  0.7  5.6   S   W        N/A  4.8 176
2026 07 16 01 26  0.8  0.4 13.3  0.6  5.6   S   W        N/A  4.5 185
2026 07 16 00 56  0.8  0.4 13.3  0.6  5.6  SW   W        N/A  4.5 229
2026 07 16 00 26  0.8  0.4 13.3  0.7  5.6   S   W        N/A  4.6 184
2026 07 15 23 56  0.8  0.4 12.5  0.7  5.6   S   W        N/A  4.8 184
2026 07 15 23 26  0.7  0.4 13.3  0.6  5.3   S   W        N/A  5.0 177
2026 07 15 22 56  0.8  0.4 13.3  0.7  5.9   S   W        N/A  5.0 170
2026 07 15 22 26  0.8  0.4 13.3  0.7  5.6   S WNW        N/A  5.6 183
2026 07 15 21 56  0.8  0.3 13.3  0.7  5.9   S   W        N/A  5.8 191
2026 07 15 21 26  0.7  0.4 14.3  0.6  5.9   S WNW        N/A  6.0 282
2026 07 15 20 56  0.7  0.4 12.5  0.6  5.9   S WNW        N/A  6.2 188
2026 07 15 20 26  0.7  0.4 13.3  0.6  5.9   S WNW        N/A  6.2 178
2026 07 15 19 56  0.7  0.5 13.3  0.6  5.9   S WNW        N/A  6.6 185
2026 07 15 19 26  0.7  0.4 12.5  0.6  5.3   S WNW        N/A  6.1 178
2026 07 15 18 56  0.7  0.4 13.3  0.6  5.9   S WNW        N/A  6.3 178
2026 07 15 18 26  0.7  0.4 14.3  0.6  5.9 SSW   W        N/A  6.3 195
2026 07 15 17 56  0.7  0.4 13.3  0.6  5.9   S   W        N/A  6.1 181
2026 07 15 17 26  0.7  0.4 12.5  0.6  5.6   S WNW        N/A  6.0 187
2026 07 15 16 56  0.7  0.4 11.8  0.6  5.9   S   W        N/A  5.8 177
2026 07 15 16 26  0.8  0.4 13.3  0.6  6.2   S WNW        N/A  6.2 176
2026 07 15 15 56  0.8  0.4 13.3  0.7  5.9   S   W        N/A  6.0 178
2026 07 15 15 26  0.8  0.4 13.3  0.6  5.6   S   W        N/A  6.0 177
2026 07 15 14 56  0.7  0.3 12.5  0.7  5.6   S WNW        N/A  5.7 284
2026 07 15 14 26  0.7  0.4 14.3  0.6  6.2 SSW WNW        N/A  6.1 195
2026 07 15 13 56  0.7  0.4 14.3  0.6  5.9   S WNW        N/A  5.9 185
2026 07 15 13 26  0.8  0.5 14.3  0.7  6.2   S WNW        N/A  6.2 178
2026 07 15 12 56  0.8  0.5 13.3  0.6  5.9   S WNW        N/A  6.1 177
2026 07 15 12 26  0.8  0.4 14.3  0.7  5.6   S WNW        N/A  5.8 190
2026 07 15 11 56  0.8  0.4 13.3  0.7  5.9   S WNW        N/A  5.5 184
2026 07 15 11 26  0.8  0.4 13.3  0.7  5.3   S WNW    AVERAGE  5.7 184
2026 07 15 10 56  0.7  0.4 14.3  0.6  5.6   S   W        N/A  5.4 178
2026 07 15 10 26  0.8  0.4 14.3  0.7  5.6   S   W        N/A  5.6 183
2026 07 15 09 56  0.8  0.4 12.5  0.7  5.3   S WNW    AVERAGE  5.6 180
2026 07 15 09 26  0.9  0.4 14.3  0.8  5.6   S   W    AVERAGE  5.6 188
2026 07 15 08 56  0.9  0.4 12.5  0.8  5.6   S   W    AVERAGE  5.4 180
2026 07 15 08 26  0.9  0.4 14.3  0.8  5.3   S   W    AVERAGE  5.4 188
2026 07 15 07 56  0.9  0.4 13.3  0.8  4.8   S WNW    AVERAGE  5.2 185
2026 07 15 07 26  0.9  0.4 14.3  0.8  5.0   S   W    AVERAGE  5.3 183
2026 07 15 06 56  0.9  0.4 13.3  0.7  5.0   S WNW    AVERAGE  5.3 178
2026 07 15 06 26  0.9  0.5 13.3  0.8  4.8   S   W    AVERAGE  5.5 174
2026 07 15 05 56  0.8  0.4 14.3  0.7  4.5   S   W    AVERAGE  5.1 170
2026 07 15 05 26  0.9  0.5 14.3  0.8  4.5   S   W    AVERAGE  5.2 184
2026 07 15 04 56  1.0  0.5 14.3  0.8  4.5   S   W    AVERAGE  5.0 181
2026 07 15 04 26  1.0  0.5 14.3  0.9  4.3 SSW   W    AVERAGE  4.6 199
2026 07 15 03 56  1.1  0.5 14.3  0.9  4.0   S   W    AVERAGE  4.6 173
2026 07 15 03 26  1.0  0.5 13.3  0.9  4.3   S   W    AVERAGE  4.6 177
2026 07 15 02 56  1.0  0.5 14.3  0.9  4.0   S   W    AVERAGE  4.5 187
2026 07 15 02 26  1.0  0.6 14.3  0.8  3.9   S   W    AVERAGE  4.8 180
2026 07 15 01 56  0.9  0.5 12.5  0.8  3.9 SSE   W    AVERAGE  4.5 164
2026 07 15 01 26  0.9  0.5 15.4  0.7  3.7 SSE   W    AVERAGE  4.4 159
2026 07 15 00 56  0.9  0.5 14.3  0.8  3.6   S   W    AVERAGE  4.6 185
2026 07 15 00 26  0.8  0.4 11.1  0.7  8.3   S   W    AVERAGE  4.3 170
2026 07 14 23 56  0.8  0.5 14.3  0.7  3.2 SSE   W    AVERAGE  4.7 161
2026 07 14 23 26  0.8  0.5 12.5  0.7  3.3   S   W    AVERAGE  4.5 177
2026 07 14 22 56  0.9  0.5 14.3  0.7  3.2   S   W    AVERAGE  4.7 171
2026 07 14 22 26  0.8  0.4 11.8  0.7  3.3 SSW   W    AVERAGE  4.3 194
2026 07 14 21 56  0.9  0.5 12.5  0.7  3.2   S   W    AVERAGE  4.7 178
2026 07 14 21 26  0.8  0.4 12.5  0.7  7.7   S   W    AVERAGE  4.5 170
2026 07 14 20 56  0.8  0.5 14.3  0.7  8.3 SSE   W    AVERAGE  4.8 167
2026 07 14 20 26  0.8  0.5 14.3  0.7  8.3 SSW WNW    AVERAGE  4.9 192
2026 07 14 19 56  0.8  0.5 11.8  0.6  9.1   S   W    AVERAGE  5.0 178
2026 07 14 19 26  0.8  0.4 11.8  0.6  9.1 SSE   W        N/A  4.6 163
2026 07 14 18 56  0.8  0.5 13.3  0.6  8.3   S   W        N/A  5.3 177
2026 07 14 18 26  0.7  0.4 11.8  0.5  9.1   S WSW        N/A  5.3 169
2026 07 14 17 56  0.7  0.5 14.3  0.5  9.1   S WSW        N/A  6.2 173
2026 07 14 17 26  0.8  0.6 14.3  0.5  9.9   S WSW        N/A  7.0 183
2026 07 14 16 56  0.7  0.5 13.3  0.5  9.1 SSE   W        N/A  6.3 164
2026 07 14 16 26  0.8  0.6 11.8  0.5  9.1   S WNW        N/A  7.7 176
2026 07 14 15 56  0.7  0.6 13.3  0.5  9.1   S   W        N/A  7.6 174
2026 07 14 15 26  0.7  0.5 12.5  0.4  9.1   S   W        N/A  7.7 174
2026 07 14 14 56  0.6  0.5 12.5  0.4  9.1   S   W        N/A  7.1 181
2026 07 14 14 26  0.6  0.4 13.3  0.4  9.9   S SSW        N/A  6.5 170
2026 07 14 13 56  0.7  0.5 14.3  0.4  8.3   S   W        N/A  7.1 171
2026 07 14 13 26  0.6  0.5 14.3  0.4  9.1   S   W        N/A  7.3 169
2026 07 14 12 56  0.6  0.5 13.3  0.4  9.1   S WSW        N/A  7.2 185
2026 07 14 12 26  0.6  0.5 14.3  0.4  8.3   S   W        N/A  6.8 178
2026 07 14 11 56  0.7  0.5 14.3  0.4  7.7   S   W        N/A  7.0 177
2026 07 14 11 26  0.6  0.5 14.3  0.4  8.3   S WSW        N/A  6.5 180
2026 07 14 10 56  0.7  0.5 13.3  0.4  7.7   S WSW        N/A  6.5 178
2026 07 14 10 26  0.7  0.6 13.3  0.5  7.7   S   W        N/A  6.8 180
2026 07 14 09 56  0.7  0.5 12.5  0.5  9.1   S  SW        N/A  6.0 177
2026 07 14 09 26  0.7  0.5 12.5  0.5  9.1   S  SW        N/A  6.5 183
2026 07 14 08 56  0.7  0.5 14.3  0.4  7.7   S   W        N/A  7.0 177
2026 07 14 08 26  0.7  0.5 14.3  0.5  7.1   S   W        N/A  6.8 181
2026 07 14 07 56  0.7  0.5 13.3  0.5  8.3   S  SW        N/A  6.7 178
2026 07 14 07 26  0.7  0.5 14.3  0.5  9.1   S   W        N/A  6.5 184
2026 07 14 06 56  0.7  0.5 14.3  0.5  7.7   S WSW        N/A  6.1 183
2026 07 14 06 26  0.8  0.6 12.5  0.6  8.3   S WSW      SWELL  6.3 180
2026 07 14 05 56  0.8  0.6 14.3  0.6  9.1   S  SW      SWELL  5.9 176
2026 07 14 05 26  0.9  0.7 13.3  0.7  3.7   S WNW      SWELL  5.8 171
2026 07 14 04 56  1.0  0.7 12.5  0.7  3.9   S   W      SWELL  5.8 183
2026 07 14 04 26  1.0  0.6 13.3  0.8  4.0   S   W    AVERAGE  4.9 180
2026 07 14 03 56  1.0  0.6 12.5  0.8  3.9 SSE   W    AVERAGE  4.9 160
2026 07 14 03 26  1.0  0.6 13.3  0.8  3.9   S   W    AVERAGE  4.6 180
2026 07 14 02 56  1.0  0.5 13.3  0.9  3.9 SSE   W    AVERAGE  4.4 154
2026 07 14 02 26  1.0  0.5 13.3  0.8  3.7   S   W    AVERAGE  4.4 169
2026 07 14 01 56  1.0  0.6 13.3  0.8  3.3   S   W    AVERAGE  4.6 169
2026 07 14 01 26  0.9  0.5 14.3  0.8  3.3 SSE WNW    AVERAGE  4.4 161
2026 07 14 00 56  1.0  0.7 13.3  0.7  2.9   S WNW      SWELL  5.3 176
2026 07 14 00 26  0.9  0.6 13.3  0.6  9.1   S WSW      SWELL  5.4 178
2026 07 13 23 56  0.8  0.6 13.3  0.6  7.7 SSE   W        N/A  5.3 164
2026 07 13 23 26  0.8  0.6 14.3  0.5  7.7   S   W      SWELL  6.5 187
2026 07 13 22 56  0.7  0.5 14.3  0.5  7.7   S   W        N/A  6.5 181
2026 07 13 22 26  0.8  0.7 13.3  0.5  9.9   S SSW      SWELL  8.2 178
2026 07 13 21 56  0.8  0.7 13.3  0.5  7.1 SSE   W      SWELL  8.6 166
2026 07 13 21 26  0.8  0.6 13.3  0.5  7.7   S   W        N/A  8.7 187
2026 07 13 20 56  0.8  0.7 13.3  0.5  8.3   S   W      SWELL  8.7 171
2026 07 13 20 26  0.8  0.7 13.3  0.5  7.7   S WNW      SWELL  8.9 174
2026 07 13 19 56  0.8  0.6 14.3  0.5  7.7   S WNW        N/A  8.6 181
2026 07 13 19 26  0.8  0.6 13.3  0.5  8.3   S WNW        N/A  8.5 173
2026 07 13 18 56  0.8  0.7 13.3  0.4  9.9   S SSW      SWELL  9.2 183
2026 07 13 18 26  0.7  0.6 13.3  0.4  8.3   S   W        N/A  8.2 176
2026 07 13 17 56  0.8  0.6 13.3  0.4  9.1   S   W        N/A  8.7 181
2026 07 13 17 26  0.8  0.6 13.3  0.4  8.3   S  SW        N/A  8.5 180
2026 07 13 16 56  0.8  0.7 13.3  0.4  8.3   S   W      SWELL  8.9 177
2026 07 13 16 26  0.8  0.7 13.3  0.4  9.9   S SSW      SWELL  8.9 183
2026 07 13 15 56  0.8  0.7 13.3  0.4  8.3   S WSW      SWELL  9.0 184
2026 07 13 15 26  0.7  0.6 13.3  0.4  9.1 SSW  SW        N/A  8.1 192
2026 07 13 14 56  0.8  0.7 14.3  0.4  8.3   S WSW        N/A  8.7 184
2026 07 13 14 26  0.8  0.7 14.3  0.4  7.7   S   W        N/A  8.5 184
2026 07 13 13 56  0.8  0.6 13.3  0.4  8.3   S  SW        N/A  8.2 174
2026 07 13 13 26  0.8  0.7 14.3  0.4  7.7   S WSW        N/A  8.2 178
2026 07 13 12 56  0.7  0.5 13.3  0.4  8.3   S  SW        N/A  7.4 176
2026 07 13 12 26  0.8  0.7 14.3  0.5  7.1   S WSW      SWELL  8.5 180
2026 07 13 11 56  0.7  0.6 14.3  0.4  7.7   S   W        N/A  8.0 187
2026 07 13 11 26  0.7  0.6 14.3  0.5  7.7   S   W        N/A  7.5 190
2026 07 13 10 56  0.8  0.6 12.5  0.5  7.7   S   W        N/A  8.2 181
2026 07 13 10 26  0.7  0.5 13.3  0.5  7.7   S WSW        N/A  7.6 177
2026 07 13 09 56  0.8  0.6 14.3  0.5  7.1   S   W        N/A  8.2 176
2026 07 13 09 26  0.8  0.7 14.3  0.5  7.7   S WSW      SWELL  8.6 181
2026 07 13 08 56  0.8  0.7 14.3  0.5  7.7   S WSW      SWELL  8.7 185
2026 07 13 08 26  0.8  0.6 14.3  0.5  8.3   S  SW      SWELL  8.1 181
2026 07 13 07 56  0.7  0.6 14.3  0.5  8.3   S  SW        N/A  8.0 185
2026 07 13 07 26  0.8  0.7 14.3  0.5  7.7   S   W      SWELL  8.3 181
2026 07 13 06 56  0.8  0.6 14.3  0.5  7.7   S WSW      SWELL  7.6 185
2026 07 13 06 26  0.9  0.7 14.3  0.5  9.1   S SSW      SWELL  7.9 180
2026 07 13 05 56  0.8  0.6 14.3  0.5  8.3   S  SW      SWELL  6.6 176
2026 07 13 05 26  0.9  0.7 14.3  0.6  7.7   S WSW      SWELL  6.8 187
2026 07 13 04 56  0.9  0.7 14.3  0.6  7.7   S   W      SWELL  6.5 176
2026 07 13 04 26  0.9  0.6 14.3  0.6  8.3   S WSW      SWELL  6.1 183
2026 07 13 03 56  0.9  0.7 14.3  0.7  8.3   S WSW      SWELL  6.2 181
2026 07 13 03 26  0.9  0.6 14.3  0.7  8.3   S WSW    AVERAGE  5.2 181
2026 07 13 02 56  0.9  0.7 14.3  0.7  7.7 SSE   W      SWELL  5.8 160
2026 07 13 02 26  0.9  0.7 14.3  0.6  7.1   S   W      SWELL  6.1 178
2026 07 13 01 56  0.9  0.7 14.3  0.6  7.7   S   W      SWELL  6.3 174
2026 07 13 01 26  0.9  0.6 14.3  0.6  7.7   S   W      SWELL  6.0 181
2026 07 13 00 56  0.8  0.6 14.3  0.6  8.3   S   W      SWELL  6.0 180
2026 07 13 00 26  0.9  0.6 14.3  0.6  8.3   S   W      SWELL  6.0 176
2026 07 12 23 56  0.9  0.6 15.4  0.6  7.7   S   W      SWELL  6.2 178
2026 07 12 23 26  0.9  0.7 13.3  0.6  8.3 SSW WSW      SWELL  6.8 194
2026 07 12 22 56  0.8  0.6 14.3  0.6  7.1   S   W      SWELL  7.0 187
2026 07 12 22 26  0.8  0.6 14.3  0.6  7.7   S   W      SWELL  7.5 173
2026 07 12 21 56  0.8  0.6 13.3  0.6  8.3   S   W      SWELL  7.7 181
2026 07 12 21 26  0.8  0.5 15.4  0.6  7.7   S   W        N/A  6.8 177
2026 07 12 20 56  0.8  0.6 15.4  0.6  7.7   S   W      SWELL  7.3 181
2026 07 12 20 26  0.8  0.6 15.4  0.5  8.3   S   W      SWELL  7.9 183
2026 07 12 19 56  0.9  0.7 14.3  0.5  9.1   S WSW      SWELL  8.4 185
2026 07 12 19 26  0.8  0.6 14.3  0.5  7.7   S   W      SWELL  7.5 170
2026 07 12 18 56  0.8  0.6 15.4  0.5  8.3   S  SW        N/A  7.5 171
2026 07 12 18 26  0.8  0.6 14.3  0.6  9.9   S SSW      SWELL  6.9 181
2026 07 12 17 56  0.8  0.6 14.3  0.6  7.7   S   W      SWELL  6.9 181
2026 07 12 17 26  0.8  0.6 14.3  0.6  8.3   S   W      SWELL  7.0 190
2026 07 12 16 56  0.9  0.7 14.3  0.5  9.1   S  SW      SWELL  7.5 181
2026 07 12 16 26  0.8  0.6 15.4  0.5  8.3   S   W        N/A  7.9 184
2026 07 12 15 56  0.9  0.7 14.3  0.6  8.3   S WSW      SWELL  8.4 188
2026 07 12 15 26  0.9  0.6 13.3  0.6  7.7   S   W      SWELL  8.1 188
2026 07 12 14 56  0.9  0.6 14.3  0.6  7.7   S   W      SWELL  8.0 180
2026 07 12 14 26  0.9  0.6 15.4  0.6  7.1   S   W      SWELL  8.5 177
2026 07 12 13 56  0.9  0.6 14.3  0.7  7.7   S   W    AVERAGE  8.1 180
2026 07 12 13 26  0.8  0.6 14.3  0.6  7.7   S   W      SWELL  8.3 187
2026 07 12 12 56  0.8  0.6 14.3  0.6  7.7   S   W      SWELL  8.2 181
2026 07 12 12 26  0.8  0.6 14.3  0.6  7.7   S   W      SWELL  8.6 180
2026 07 12 11 56  0.9  0.6 14.3  0.6  6.7   S   W      SWELL  8.5 181
2026 07 12 11 26  0.8  0.6 14.3  0.6  7.7   S   W      SWELL  8.4 181
2026 07 12 10 56  0.8  0.5 14.3  0.7  7.7   S   W    AVERAGE  8.0 187
2026 07 12 10 26  0.8  0.5 14.3  0.6  7.7   S   W    AVERAGE  8.0 180
2026 07 12 09 56  0.8  0.5 15.4  0.7  7.7   S   W    AVERAGE  8.0 177
2026 07 12 09 26  0.8  0.4 14.3  0.7  8.3   S   W    AVERAGE  7.7 181
2026 07 12 08 56  0.8  0.5 14.3  0.6  8.3   S   W    AVERAGE  8.0 177
2026 07 12 08 26  0.8  0.6 14.3  0.6  8.3 SSW   W      SWELL  8.1 192
2026 07 12 07 56  0.9  0.7 14.3  0.6  8.3   S   W      SWELL  8.8 177
2026 07 12 07 26  0.9  0.6 14.3  0.7  9.1   S WSW    AVERAGE  8.0 170
2026 07 12 06 56  0.9  0.6 15.4  0.7  8.3   S   W    AVERAGE  7.6 178
2026 07 12 06 26  0.9  0.6 14.3  0.7  8.3   S   W    AVERAGE  7.8 174
2026 07 12 05 56  0.9  0.6 14.3  0.7  8.3   S WNW    AVERAGE  7.3 176
2026 07 12 05 26  0.9  0.7 14.3  0.7  8.3   S   W      SWELL  7.7 170
2026 07 12 04 56  0.9  0.6 14.3  0.7  9.1   S   W    AVERAGE  7.7 183
2026 07 12 04 26  0.9  0.5 14.3  0.7  9.1   S   W    AVERAGE  7.2 169
2026 07 12 03 56  1.0  0.7 14.3  0.7  9.1   S   W      SWELL  7.8 177
2026 07 12 03 26  0.9  0.6 14.3  0.7  7.7   S WNW    AVERAGE  6.8 177
2026 07 12 02 56  1.0  0.6 14.3  0.8  8.3   S   W    AVERAGE  6.4 169
2026 07 12 02 26  1.0  0.7 14.3  0.8  9.1   S WSW    AVERAGE  6.5 178
2026 07 12 01 56  1.0  0.6 14.3  0.7  9.1   S   W    AVERAGE  6.5 177
2026 07 12 01 26  0.9  0.5 14.3  0.7  9.1   S   W    AVERAGE  5.9 180
2026 07 12 00 56  0.9  0.6 15.4  0.7  9.1   S   W    AVERAGE  6.9 178
2026 07 12 00 26  1.0  0.6 15.4  0.7  9.1   S   W    AVERAGE  7.0 185
2026 07 11 23 56  0.9  0.6 14.3  0.7  9.1   S   W    AVERAGE  7.5 173
2026 07 11 23 26  0.9  0.6 15.4  0.7  9.1   S   W    AVERAGE  7.7 181
2026 07 11 22 56  0.9  0.6 14.3  0.7  9.1 SSE WNW    AVERAGE  7.4 157
2026 07 11 22 26  0.9  0.6 15.4  0.7  8.3   S WNW    AVERAGE  7.4 177
2026 07 11 21 56  1.0  0.7 14.3  0.7  9.1   S   W      SWELL  7.6 177
2026 07 11 21 26  0.9  0.6 14.3  0.6  9.9   S WSW      SWELL  7.3 169
2026 07 11 20 56  1.0  0.6 15.4  0.7  9.1   S   W    AVERAGE  7.3 180
2026 07 11 20 26  0.9  0.6 14.3  0.7  9.1   S   W    AVERAGE  6.8 184
2026 07 11 19 56  1.0  0.7 15.4  0.7  9.1   S   W      SWELL  6.9 180
2026 07 11 19 26  0.9  0.6 14.3  0.7  9.1   S   W    AVERAGE  6.3 171
2026 07 11 18 56  0.9  0.6 15.4  0.7  9.9   S WSW    AVERAGE  6.3 185
2026 07 11 18 26  1.0  0.7 14.3  0.7  9.1   S   W      SWELL  6.7 181
2026 07 11 17 56  1.0  0.7 14.3  0.7  9.1   S   W      SWELL  6.7 181
2026 07 11 17 26  0.9  0.6 14.3  0.7  9.1   S   W    AVERAGE  6.5 184
2026 07 11 16 56  0.9  0.6 14.3  0.7  9.1   S   W    AVERAGE  6.7 174
2026 07 11 16 26  0.9  0.7 15.4  0.6  8.3   S   W      SWELL  7.2 180
2026 07 11 15 56  0.9  0.6 14.3  0.6  9.9   S WSW      SWELL  7.2 174
2026 07 11 15 26  0.9  0.7 15.4  0.6  9.9   S   W      SWELL  7.5 185
2026 07 11 14 56  0.9  0.7 14.3  0.6  9.1   S   W      SWELL  8.1 185
2026 07 11 14 26  0.9  0.7 15.4  0.6  6.2   S WNW      SWELL  8.2 176
2026 07 11 13 56  1.0  0.7 14.3  0.7  9.1   S   W      SWELL  8.5 181
2026 07 11 13 26  1.0  0.7 14.3  0.7  8.3   S   W      SWELL  8.3 183
2026 07 11 12 56  0.9  0.7 15.4  0.6  7.1   S   W      SWELL  8.4 184
2026 07 11 12 26  1.0  0.8 14.3  0.7  6.7   S   W      SWELL  8.8 183
2026 07 11 11 56  1.0  0.7 14.3  0.7  7.7   S   W      SWELL  8.1 178
2026 07 11 11 26  1.0  0.7 15.4  0.7  9.1   S   W      SWELL  8.3 177
2026 07 11 10 56  1.0  0.8 15.4  0.7  8.3   S   W      SWELL  8.9 183
2026 07 11 10 26  1.0  0.7 15.4  0.7  9.1   S   W      SWELL  8.5 187
2026 07 11 09 56  0.9  0.6 15.4  0.7  8.3   S   W    AVERAGE  8.4 183
2026 07 11 09 26  1.0  0.8 14.3  0.7  9.1   S   W      SWELL  8.9 181
2026 07 11 08 56  1.0  0.8 15.4  0.7  8.3   S   W      SWELL  9.1 178
2026 07 11 08 26  0.9  0.7 14.3  0.6  9.9   S WSW      SWELL  8.8 180
2026 07 11 07 56  1.0  0.7 15.4  0.7  6.7   S   W      SWELL  8.6 180
2026 07 11 07 26  0.9  0.6 15.4  0.7  7.7   S   W    AVERAGE  8.1 171
2026 07 11 06 56  1.0  0.7 15.4  0.7  8.3   S   W      SWELL  8.4 173
2026 07 11 06 26  1.0  0.7 15.4  0.7  7.7   S   W      SWELL  8.2 176
2026 07 11 05 56  1.1  0.8 15.4  0.7  8.3   S WNW      SWELL  8.9 178
2026 07 11 05 26  1.0  0.7 15.4  0.7  9.1   S   W      SWELL  8.7 183
2026 07 11 04 56  1.0  0.6 14.3  0.7  8.3   S WNW    AVERAGE  8.0 169
2026 07 11 04 26  1.1  0.8 15.4  0.7  7.7   S   W      SWELL  8.6 181
2026 07 11 03 56  1.0  0.7 15.4  0.8  9.1   S WNW    AVERAGE  8.1 177
2026 07 11 03 26  1.1  0.8 15.4  0.7  6.7   S   W      SWELL  8.7 176
2026 07 11 02 56  1.0  0.7 15.4  0.8  9.9   S WSW    AVERAGE  8.2 184
2026 07 11 02 26  1.1  0.8 15.4  0.7  9.1 SSW   W      SWELL  8.5 192
2026 07 11 01 56  1.0  0.7 15.4  0.8  8.3   S WNW    AVERAGE  7.6 173
2026 07 11 01 26  1.0  0.6 15.4  0.8  8.3   S WNW    AVERAGE  7.4 177
2026 07 11 00 56  1.0  0.6 15.4  0.8  8.3   S WNW    AVERAGE  7.0 173
2026 07 11 00 26  1.1  0.7 15.4  0.8  9.1   S WNW    AVERAGE  7.6 171
2026 07 10 23 56  1.1  0.8 15.4  0.8  8.3   S   W      SWELL  8.2 176
2026 07 10 23 26  1.1  0.7 15.4  0.8  9.1   S   W    AVERAGE  7.2 176
2026 07 10 22 56  1.1  0.7 15.4  0.8  9.1   S   W    AVERAGE  7.1 180
2026 07 10 22 26  1.1  0.6 15.4  0.9  9.1   S   W    AVERAGE  6.7 176
2026 07 10 21 56  1.0  0.7 15.4  0.8  9.1   S   W    AVERAGE  7.1 169
2026 07 10 21 26  1.1  0.7 15.4  0.8  8.3   S   W    AVERAGE  7.2 181
2026 07 10 20 56  1.1  0.7 15.4  0.8  8.3   S   W    AVERAGE  6.9 191
2026 07 10 20 26  1.1  0.7 15.4  0.8  9.1   S WNW    AVERAGE  6.9 180
2026 07 10 19 56  1.1  0.7 15.4  0.8  7.7   S WNW    AVERAGE  6.6 171
2026 07 10 19 26  1.1  0.7 15.4  0.8  9.1   S   W    AVERAGE  6.9 180
2026 07 10 18 56  1.1  0.7 15.4  0.8  9.1   S   W    AVERAGE  7.0 178
2026 07 10 18 26  1.0  0.6 15.4  0.8  8.3  SE WNW    AVERAGE  7.0 143
2026 07 10 17 56  1.0  0.6 15.4  0.8  7.1   S WNW    AVERAGE  7.2 176
2026 07 10 17 26  1.1  0.7 15.4  0.8  7.1   S WNW    AVERAGE  7.5 178
2026 07 10 16 56  1.1  0.7 15.4  0.8  7.7   S   W    AVERAGE  7.6 180
2026 07 10 16 26  1.1  0.7 15.4  0.8  7.7   S   W    AVERAGE  7.9 181
2026 07 10 15 56  1.2  0.8 15.4  1.0  7.7   S WNW    AVERAGE  7.9 188
2026 07 10 15 26  1.2  0.7 15.4  1.0  8.3   S WNW    AVERAGE  8.1 190
2026 07 10 14 56  1.2  0.7 15.4  1.0  9.1   S   W    AVERAGE  7.7 176
2026 07 10 14 26  1.1  0.6 15.4  0.9  8.3   S WNW    AVERAGE  7.2 181
2026 07 10 13 56  1.1  0.6 15.4  0.9  7.7   S   W    AVERAGE  7.2 184
2026 07 10 13 26  1.1  0.6 16.7  0.9  9.1   S   W    AVERAGE  7.1 181
2026 07 10 12 56  1.1  0.5 15.4  1.0  7.1   S WNW    AVERAGE  7.0 181
2026 07 10 12 26  1.1  0.5 16.7  1.0  7.7 SSW WNW    AVERAGE  7.0 198
2026 07 10 11 56  1.2  0.6 16.7  1.0  7.7   S WNW    AVERAGE  7.5 191
2026 07 10 11 26  1.1  0.6 16.7  1.0  9.1   S   W    AVERAGE  7.5 188
2026 07 10 10 56  1.1  0.5 15.4  0.9  8.3   S   W    AVERAGE  7.7 177
2026 07 10 10 26  1.1  0.6 15.4  0.9  7.7   S   W    AVERAGE  7.9 178
2026 07 10 09 56  1.1  0.6 15.4  0.9  8.3   S   W    AVERAGE  8.3 174
2026 07 10 09 26  1.1  0.6 16.7  0.9  9.1   S   W    AVERAGE  8.4 188
2026 07 10 08 56  1.0  0.6 16.7  0.8  9.1   S   W    AVERAGE  8.3 180
2026 07 10 08 26  1.0  0.7 16.7  0.7  7.7   S   W      SWELL  8.7 174
2026 07 10 07 56  0.9  0.6 16.7  0.8  8.3   S   W    AVERAGE  8.1 174
2026 07 10 07 26  1.0  0.6 16.7  0.8  7.7   S   W    AVERAGE  8.4 173
2026 07 10 06 56  0.9  0.6 16.7  0.7  9.1   S   W    AVERAGE  8.2 171
2026 07 10 06 26  0.9  0.6 16.7  0.7  8.3   S   W    AVERAGE  8.5 173
2026 07 10 05 56  0.9  0.6 16.7  0.7  9.9   S   W    AVERAGE  8.2 176
2026 07 10 05 26  1.0  0.7 15.4  0.8  9.1   S   W    AVERAGE  8.5 176
2026 07 10 04 56  1.1  0.7 16.7  0.8  9.1   S   W    AVERAGE  8.8 170
2026 07 10 04 26  1.0  0.7 16.7  0.7  9.9   S   W      SWELL  8.2 178
2026 07 10 03 56  1.0  0.6 16.7  0.8  9.1   S   W    AVERAGE  7.8 180
2026 07 10 03 26  1.1  0.7 15.4  0.8  9.1   S WNW    AVERAGE  8.1 173
2026 07 10 02 56  1.0  0.7 16.7  0.8  9.1   S   W    AVERAGE  7.9 170
2026 07 10 02 26  1.0  0.6 16.7  0.8  9.1   S   W    AVERAGE  7.6 178
2026 07 10 01 56  1.0  0.6 15.4  0.8  8.3   S   W    AVERAGE  7.5 177
2026 07 10 01 26  1.1  0.6 16.7  0.9  7.7   S WNW    AVERAGE  7.4 187
2026 07 10 00 56  1.1  0.8 15.4  0.9  8.3   S   W    AVERAGE  8.1 183
2026 07 10 00 26  1.1  0.6 16.7  0.9  9.1 SSE   W    AVERAGE  7.5 166
2026 07 09 23 56  1.2  0.6 15.4  1.0  7.7   S   W    AVERAGE  7.4 178
2026 07 09 23 26  1.1  0.5 16.7  1.0  8.3  SE   W    AVERAGE  7.2 131
2026 07 09 22 56  1.2  0.6 16.7  1.0  9.1   S   W    AVERAGE  7.4 176
2026 07 09 22 26  1.2  0.7 15.4  1.0  9.1   S WNW    AVERAGE  7.7 184
2026 07 09 21 56  1.2  0.7 16.7  1.0  9.9   S   W    AVERAGE  7.9 177
2026 07 09 21 26  1.2  0.7 16.7  0.9  8.3   S WNW    AVERAGE  7.8 176
2026 07 09 20 56  1.1  0.6 16.7  0.9  9.1   S   W    AVERAGE  7.5 185
2026 07 09 20 26  1.1  0.6 16.7  1.0  9.1   S   W    AVERAGE  7.2 180
2026 07 09 19 56  1.1  0.6 16.7  0.9  7.7   S WNW    AVERAGE  7.4 181
2026 07 09 19 26  1.1  0.7 16.7  0.9  9.1 SSE   W    AVERAGE  7.5 157
2026 07 09 18 56  1.1  0.5 16.7  0.9  8.3  NW WNW    AVERAGE  7.2 282
2026 07 09 18 26  1.1  0.7 16.7  0.9  6.2   S   W    AVERAGE  7.7 176
2026 07 09 17 56  1.1  0.6 16.7  0.9  7.7   S   W    AVERAGE  7.2 184
2026 07 09 17 26  1.0  0.6 15.4  0.9  7.1   S   W    AVERAGE  7.3 190
2026 07 09 16 56  1.1  0.5 16.7  0.9  7.7  SE   W    AVERAGE  7.0 143
2026 07 09 16 26  1.2  0.7 16.7  1.0  7.7   S   W    AVERAGE  7.5 171
2026 07 09 15 56  1.2  0.7 16.7  0.9  6.7   S   W    AVERAGE  7.8 174
2026 07 09 15 26  1.2  0.5 15.4  1.1  7.1   S   W    AVERAGE  7.1 185
2026 07 09 14 56  1.3  0.7 16.7  1.1  7.1   S   W    AVERAGE  7.5 174
2026 07 09 14 26  1.2  0.6 16.7  1.1  7.1   S   W    AVERAGE  7.0 177
2026 07 09 13 56  1.3  0.7 16.7  1.2  8.3   S   W    AVERAGE  7.5 177
2026 07 09 13 26  1.3  0.7 16.7  1.1  6.7   S WNW    AVERAGE  7.4 176
2026 07 09 12 56  1.3  0.6 16.7  1.1  7.7 SSW   W    AVERAGE  7.2 202
2026 07 09 12 26  1.4  0.7 16.7  1.2  8.3   S   W    AVERAGE  7.4 277
2026 07 09 11 56  1.4  0.7 16.7  1.2  9.1   S   W    AVERAGE  7.3 187
2026 07 09 11 26  1.4  0.7 16.7  1.2  6.7   S   W    AVERAGE  7.3 181
2026 07 09 10 56  1.4  0.7 16.7  1.2  7.7   S   W    AVERAGE  7.2 173
2026 07 09 10 26  1.4  0.7 16.7  1.2  7.1   S   W    AVERAGE  7.2 184
2026 07 09 09 56  1.3  0.6 16.7  1.2  7.1   S   W    AVERAGE  7.1 170
2026 07 09 09 26  1.3  0.6 16.7  1.2  8.3   S   W    AVERAGE  7.1 176
2026 07 09 08 56  1.3  0.7 16.7  1.1  7.1   S   W    AVERAGE  7.2 187
2026 07 09 08 26  1.2  0.6 18.2  1.1  7.1   S   W    AVERAGE  7.0 174
2026 07 09 07 56  1.2  0.6 16.7  1.0  6.7   S   W    AVERAGE  7.0 170
2026 07 09 07 26  1.2  0.7 16.7  1.0  6.2   S   W    AVERAGE  7.1 178
2026 07 09 06 56  1.2  0.6 16.7  1.0  7.1 SSW   W    AVERAGE  6.7 197
2026 07 09 06 26  1.1  0.5 18.2  1.0  8.3   S   W    AVERAGE  6.3 180
2026 07 09 05 56  1.1  0.6 18.2  0.9  7.7   S   W    AVERAGE  6.2 185
2026 07 09 05 26  1.1  0.7 16.7  0.9  7.7 SSE   W    AVERAGE  6.2 154
2026 07 09 04 56  1.1  0.6 16.7  0.9  7.1   S   W    AVERAGE  5.8 191
2026 07 09 04 26  1.1  0.6 18.2  0.9  7.1 SSE   W    AVERAGE  5.4 167
2026 07 09 03 56  1.2  0.7 18.2  1.0  6.7   S   W    AVERAGE  5.8 177
2026 07 09 03 26  1.2  0.6 16.7  1.0  8.3   S   W    AVERAGE  5.3 188
2026 07 09 02 56  1.2  0.7 16.7  1.0  6.7   S   W    AVERAGE  5.5 170
2026 07 09 02 26  1.2  0.7 16.7  1.0  6.7 SSE   W    AVERAGE  5.5 160
2026 07 09 01 56  1.2  0.7 18.2  0.9  7.7   S   W    AVERAGE  5.8 184
2026 07 09 01 26  1.1  0.5 16.7  1.0  6.7 SSE   W    AVERAGE  5.1 166
2026 07 09 00 56  1.1  0.6 16.7  0.9  7.7   S   W    AVERAGE  5.2 171
2026 07 09 00 26  1.1  0.7 16.7  0.9  6.2   S   W    AVERAGE  5.6 187
2026 07 08 23 56  1.1  0.6 16.7  0.9  6.7 SSE   W    AVERAGE  5.4 166
2026 07 08 23 26  1.1  0.6 16.7  0.9  6.7   S WNW    AVERAGE  5.7 176
2026 07 08 22 56  1.1  0.6 16.7  0.9  8.3 SSE WNW    AVERAGE  5.7 156
2026 07 08 22 26  1.1  0.6 16.7  0.9  6.2   S WNW    AVERAGE  5.9 181
2026 07 08 21 56  1.0  0.7 16.7  0.8  7.7   S WNW    AVERAGE  7.0 174
2026 07 08 21 26  1.0  0.6 16.7  0.8  7.1   S   W    AVERAGE  6.9 176
2026 07 08 20 56  1.0  0.7 16.7  0.8  5.9   S WNW    AVERAGE  7.7 180
2026 07 08 20 26  1.0  0.6 16.7  0.8  6.2 SSW WNW    AVERAGE  7.4 195
2026 07 08 19 56  0.9  0.6 18.2  0.7  7.7   S   W    AVERAGE  7.1 181
2026 07 08 19 26  0.9  0.6 18.2  0.7  6.2   S WNW    AVERAGE  7.3 181
2026 07 08 18 56  1.0  0.6 16.7  0.8  5.9 SSW WNW    AVERAGE  7.5 195
2026 07 08 18 26  1.0  0.6 18.2  0.8  6.2   S WNW    AVERAGE  7.2 183
2026 07 08 17 56  1.0  0.5 18.2  0.9  7.7 SSW   W    AVERAGE  7.0 198
2026 07 08 17 26  1.1  0.5 16.7  0.9  7.7 SSW   W    AVERAGE  6.9 192
2026 07 08 16 56  1.1  0.6 16.7  0.9  6.2 SSW   W    AVERAGE  7.0 192
2026 07 08 16 26  1.1  0.6 18.2  0.9  7.7   S   W    AVERAGE  7.0 181
2026 07 08 15 56  1.1  0.6 18.2  0.9  6.7   S   W    AVERAGE  7.1 185
2026 07 08 15 26  1.1  0.7 18.2  0.9  8.3 SSE   W    AVERAGE  7.5 153
2026 07 08 14 56  1.2  0.7 16.7  1.0  8.3   S   W    AVERAGE  7.4 185
2026 07 08 14 26  1.2  0.6 18.2  1.0  8.3   S   W    AVERAGE  6.9 191
2026 07 08 13 56  1.3  0.6 16.7  1.1  7.1   S   W    AVERAGE  6.9 178
2026 07 08 13 26  1.3  0.6 18.2  1.1  8.3   S   W    AVERAGE  6.9 180
2026 07 08 12 56  1.2  0.6 18.2  1.1  7.7  NW   W    AVERAGE  6.7 305
2026 07 08 12 26  1.3  0.6 18.2  1.1  7.7   S   W    AVERAGE  6.7 275
2026 07 08 11 56  1.4  0.8 18.2  1.1  6.7   S   W    AVERAGE  7.2 185
2026 07 08 11 26  1.5  0.7 18.2  1.3  7.7   S   W    AVERAGE  6.8 174
2026 07 08 10 56  1.4  0.6 18.2  1.3  7.1 SSW   W      STEEP  6.6 278
2026 07 08 10 26  1.4  0.7 18.2  1.2  8.3   S   W    AVERAGE  6.7 191
2026 07 08 09 56  1.3  0.6 18.2  1.2  7.1   S   W    AVERAGE  6.4 178
2026 07 08 09 26  1.4  0.6 18.2  1.2  7.7   S   W    AVERAGE  6.4 180
2026 07 08 08 56  1.4  0.6 18.2  1.3  7.7   S   W    AVERAGE  6.3 185
2026 07 08 08 26  1.4  0.6 18.2  1.2  6.7 SSE   W    AVERAGE  6.3 159
2026 07 08 07 56  1.4  0.7 18.2  1.2  7.7 SSW   W    AVERAGE  6.3 192
2026 07 08 07 26  1.4  0.7 18.2  1.2  7.1   S   W    AVERAGE  6.0 176
2026 07 08 06 56  1.4  0.8 18.2  1.2  6.7   S   W    AVERAGE  6.1 177
2026 07 08 06 26  1.3  0.6 18.2  1.2  7.1  SE   W    AVERAGE  5.6 140
2026 07 08 05 56  1.3  0.6 18.2  1.2  5.3 SSE   W    AVERAGE  5.4 167
2026 07 08 05 26  1.4  0.6 18.2  1.2  5.6   S WNW    AVERAGE  5.2 170
2026 07 08 04 56  1.4  0.6 18.2  1.2  7.7   S   W    AVERAGE  5.4 177
2026 07 08 04 26  1.3  0.6 18.2  1.2  7.1 SSW   W    AVERAGE  5.2 201
2026 07 08 03 56  1.3  0.6 15.4  1.1  7.7   S   W    AVERAGE  5.1 169
2026 07 08 03 26  1.2  0.6 18.2  1.1  6.2  SW   W    AVERAGE  5.0 219
2026 07 08 02 56  1.2  0.6 18.2  1.1  7.1 SSE   W    AVERAGE  5.0 160
2026 07 08 02 26  1.2  0.5 15.4  1.1  6.7   S   W    AVERAGE  4.8 180
2026 07 08 01 56  1.1  0.7 15.4  0.9  5.6 SSW WNW    AVERAGE  5.5 194
2026 07 08 01 26  1.1  0.5 18.2  0.9  6.2 SSW   W    AVERAGE  4.8 202
2026 07 08 00 56  1.1  0.7 18.2  0.9  5.6 SSW WNW    AVERAGE  5.1 195
2026 07 08 00 26  1.1  0.6 18.2  0.9  6.7   S WNW    AVERAGE  4.9 188
2026 07 07 23 56  1.1  0.5 18.2  1.0  5.9   S WNW    AVERAGE  4.5 181
2026 07 07 23 26  1.1  0.6 18.2  1.0  6.7   S   W    AVERAGE  4.5 188
2026 07 07 22 56  1.1  0.6 20.0  1.0  6.7   S   W    AVERAGE  4.7 176
2026 07 07 22 26  1.2  0.7 18.2  1.0  6.7   S   W    AVERAGE  5.2 170
2026 07 07 21 56  1.1  0.6 20.0  1.0  6.7   S   W    AVERAGE  5.2 181
2026 07 07 21 26  1.2  0.7 15.4  1.0  7.1   S   W    AVERAGE  5.8 171
2026 07 07 20 56  1.1  0.6 15.4  1.0  6.7 SSE   W    AVERAGE  5.8 154
2026 07 07 20 26  1.1  0.6 15.4  0.9  7.1   S   W    AVERAGE  6.3 176
2026 07 07 19 56  1.1  0.6 20.0  1.0  7.1 SSE   W    AVERAGE  6.6 163
2026 07 07 19 26  1.1  0.6 15.4  0.9  7.7 SSE   W    AVERAGE  6.7 167
2026 07 07 18 56  1.1  0.6 20.0  1.0  7.1 SSW   W    AVERAGE  7.0 280
2026 07 07 18 26  1.1  0.5 20.0  1.0  7.7   S   W    AVERAGE  6.9 184
2026 07 07 17 56  1.2  0.6 14.3  1.1  7.7   S   W    AVERAGE  6.9 275
2026 07 07 17 26  1.2  0.5 20.0  1.1  7.1   S   W    AVERAGE  6.8 275
2026 07 07 16 56  1.2  0.6 15.4  1.1  7.1   S   W    AVERAGE  7.0 277
2026 07 07 16 26  1.1  0.5 15.4  1.0  7.1   S   W    AVERAGE  6.6 277
2026 07 07 15 56  1.2  0.6 15.4  1.1  7.7   S   W    AVERAGE  6.7 273
2026 07 07 15 26  1.1  0.6 20.0  1.0  7.1 SSW   W    AVERAGE  6.8 278
2026 07 07 14 56  1.1  0.6 15.4  1.0  7.1   S   W    AVERAGE  6.6 278
2026 07 07 14 26  1.2  0.6 15.4  1.1  7.1   S   W    AVERAGE  6.4 277
2026 07 07 13 56  1.1  0.6 15.4  1.0  7.1 SSE   W    AVERAGE  6.3 278
2026 07 07 13 26  1.2  0.6 16.7  1.0  5.9   S WNW    AVERAGE  6.1 171
2026 07 07 12 56  1.2  0.6 16.7  1.0  7.1   S   W    AVERAGE  6.2 170
2026 07 07 12 26  1.1  0.5 16.7  1.0  7.1 SSW   W    AVERAGE  5.7 275
2026 07 07 11 56  1.2  0.5 15.4  1.0  7.1   S   W    AVERAGE  5.8 274
2026 07 07 11 26  1.1  0.5 20.0  1.0  6.7  NW WNW      STEEP  5.8 284
2026 07 07 10 56  1.2  0.6 20.0  1.0  6.2  SW WNW      STEEP  5.8 287
2026 07 07 10 26  1.2  0.5 16.7  1.1  6.7 SSE WNW      STEEP  5.7 287
2026 07 07 09 56  1.2  0.6 15.4  1.1  6.7 SSW WNW    AVERAGE  6.0 194
2026 07 07 09 26  1.3  0.6 16.7  1.1  6.7 SSE WNW      STEEP  5.9 285
2026 07 07 08 56  1.2  0.5 15.4  1.1  6.7   S   W    AVERAGE  5.7 173
2026 07 07 08 26  1.2  0.6 16.7  1.1  6.7   S WNW    AVERAGE  6.0 187
2026 07 07 07 56  1.2  0.5 16.7  1.1  6.2 SSW WNW      STEEP  5.6 282
2026 07 07 07 26  1.2  0.5 16.7  1.1  5.9   S WNW      STEEP  5.3 287
2026 07 07 06 56  1.1  0.5 16.7  1.0  5.9   S WNW      STEEP  5.3 287
2026 07 07 06 26  1.1  0.5 16.7  1.0  6.2   S WNW    AVERAGE  5.2 181
2026 07 07 05 56  1.0  0.5 16.7  0.9  5.9   S   W    AVERAGE  5.3 176
2026 07 07 05 26  1.1  0.6 16.7  0.9  5.9   S   W    AVERAGE  5.5 174
2026 07 07 04 56  1.0  0.6 16.7  0.9  6.2   S   W    AVERAGE  5.4 184
2026 07 07 04 26  1.0  0.6 16.7  0.8  5.0   S WNW    AVERAGE  5.2 178
2026 07 07 03 56  1.0  0.5 16.7  0.9  5.9   S   W    AVERAGE  4.8 170
2026 07 07 03 26  1.0  0.5 16.7  0.9  4.2 SSE WNW    AVERAGE  4.8 167
2026 07 07 02 56  1.1  0.6 16.7  1.0  5.0 SSE WNW    AVERAGE  4.7 166
2026 07 07 02 26  1.1  0.5 15.4  1.0  6.2   S   W    AVERAGE  4.4 170
2026 07 07 01 56  1.2  0.5 16.7  1.1  4.0   S   W    AVERAGE  4.5 170
2026 07 07 01 26  1.2  0.6 16.7  1.0  6.2   S   W    AVERAGE  4.7 183
2026 07 07 00 56  1.1  0.5 16.7  1.0  4.2   S   W    AVERAGE  4.5 174
2026 07 07 00 26  1.1  0.6 16.7  1.0  6.2   S   W    AVERAGE  4.7 176
2026 07 06 23 56  1.1  0.5 16.7  1.0  6.2 SSE   W    AVERAGE  4.5 167
2026 07 06 23 26  1.1  0.5 16.7  1.0  5.9   S   W    AVERAGE  4.5 176
2026 07 06 22 56  1.1  0.5 16.7  1.0  6.2   S   W    AVERAGE  4.6 181
2026 07 06 22 26  1.1  0.5 16.7  1.0  6.2   S WNW    AVERAGE  4.8 173
2026 07 06 21 56  1.1  0.5 16.7  0.9  5.6   S WNW    AVERAGE  5.0 191
2026 07 06 21 26  1.0  0.5 16.7  0.9  6.7   S   W    AVERAGE  5.0 185
2026 07 06 20 56  1.1  0.6 16.7  0.9  6.2   S   W    AVERAGE  5.7 187
2026 07 06 20 26  1.1  0.6 16.7  0.9  6.7   S   W    AVERAGE  6.0 183
2026 07 06 19 56  1.0  0.5 15.4  0.9  6.7   S   W    AVERAGE  5.5 271
2026 07 06 19 26  1.1  0.6 16.7  0.9  6.7   S   W    AVERAGE  6.0 178
2026 07 06 18 56  1.0  0.5 16.7  0.8  6.2   S   W    AVERAGE  5.7 173
2026 07 06 18 26  1.1  0.7 16.7  0.8  6.7   S   W    AVERAGE  6.4 187
2026 07 06 17 56  0.9  0.5 16.7  0.8  7.1   S   W    AVERAGE  5.5 191
2026 07 06 17 26  1.0  0.5 16.7  0.8  5.9   S   W    AVERAGE  5.6 185
2026 07 06 16 56  1.0  0.5 16.7  0.8  5.6   N WNW    AVERAGE  5.5   4
2026 07 06 16 26  0.9  0.5 16.7  0.8  5.9   S   W    AVERAGE  5.4 188
2026 07 06 15 56  1.0  0.5 16.7  0.9  5.9 SSW   W    AVERAGE  5.5 201
2026 07 06 15 26  1.0  0.5 16.7  0.8  6.2   S   W    AVERAGE  5.6 171
2026 07 06 14 56  0.9  0.5 18.2  0.8  5.9 SSE   W      STEEP  5.4 278
2026 07 06 14 26  1.0  0.5 16.7  0.8  5.9   S WNW    AVERAGE  5.6 177
2026 07 06 13 56  0.9  0.5 16.7  0.8  6.2   S   W    AVERAGE  5.4 174
2026 07 06 13 26  1.0  0.6 16.7  0.8  5.9   S   W    AVERAGE  6.1 190
2026 07 06 12 56  1.0  0.5 16.7  0.8  6.2   S   W      STEEP  5.8 280
2026 07 06 12 26  1.0  0.6 16.7  0.8  6.2 SSW WNW    AVERAGE  6.0 192
2026 07 06 11 56  1.0  0.5 16.7  0.9  5.9   S WNW      STEEP  5.7 282
2026 07 06 11 26  1.0  0.5 16.7  0.8  5.9   S   W    AVERAGE  5.5 170
2026 07 06 10 56  1.0  0.6 16.7  0.9  6.2   S WNW    AVERAGE  5.8 171
2026 07 06 10 26  1.0  0.6 18.2  0.9  5.9   S WNW    AVERAGE  5.8 173
2026 07 06 09 56  1.0  0.6 18.2  0.8  5.3   S WNW    AVERAGE  5.9 181
2026 07 06 09 26  1.0  0.5 18.2  0.8  5.9   S WNW    AVERAGE  5.6 174
2026 07 06 08 56  1.0  0.6 18.2  0.8  5.9   S WNW    AVERAGE  5.9 170
2026 07 06 08 26  1.0  0.6 18.2  0.8  5.3   S   W    AVERAGE  5.8 178
2026 07 06 07 56  1.1  0.6 18.2  0.9  5.6   S   W    AVERAGE  5.6 185
2026 07 06 07 26  1.0  0.5 18.2  0.8  5.6   S   W    AVERAGE  5.2 181
2026 07 06 06 56  0.9  0.5 14.3  0.8  5.0   S   W    AVERAGE  5.2 176
2026 07 06 06 26  1.0  0.6 18.2  0.8  4.8   S   W    AVERAGE  5.2 176
2026 07 06 05 56  0.9  0.5 18.2  0.8  4.8   S   W    AVERAGE  4.9 183
2026 07 06 05 26  0.9  0.6 18.2  0.7  9.1 SSE   S    AVERAGE  5.3 153
2026 07 06 04 56  0.9  0.5 18.2  0.8  4.3   S   W    AVERAGE  4.8 176
2026 07 06 04 26  0.9  0.6 18.2  0.7  4.3   S   W    AVERAGE  5.2 177
2026 07 06 03 56  1.0  0.6 18.2  0.8  3.7   S   W    AVERAGE  4.7 174
2026 07 06 03 26  1.0  0.6 18.2  0.8  4.0 SSW   W    AVERAGE  4.5 204
2026 07 06 02 56  1.0  0.5 18.2  0.8  3.6 SSE   W    AVERAGE  4.2 156
2026 07 06 02 26  1.0  0.5 18.2  0.8  4.0 SSE   W    AVERAGE  4.3 166
2026 07 06 01 56  1.0  0.6 18.2  0.8  3.9   S   W    AVERAGE  4.4 188
2026 07 06 01 26  1.0  0.5 13.3  0.8  4.0  SE   W    AVERAGE  4.2 139
2026 07 06 00 56  1.0  0.5 18.2  0.8  3.9  NE   W    AVERAGE  4.2  41
2026 07 06 00 26  1.0  0.6 18.2  0.8  3.9   S   W    AVERAGE  4.7 178
2026 07 05 23 56  0.9  0.5 18.2  0.8  3.6  SW   W    AVERAGE  4.3 219
2026 07 05 23 26  0.9  0.5 18.2  0.8  9.1   S   S    AVERAGE  4.5 177
2026 07 05 22 56  0.9  0.6 18.2  0.8  3.2   S WNW    AVERAGE  4.6 181
2026 07 05 22 26  0.9  0.6 14.3  0.7  5.3   S   W    AVERAGE  5.0 177
2026 07 05 21 56  1.0  0.7 13.3  0.8  9.1   S   S    AVERAGE  5.3 173
2026 07 05 21 26  0.9  0.6 13.3  0.7  9.1   S   S    AVERAGE  5.3 171
2026 07 05 20 56  0.9  0.6 18.2  0.7  9.9   S   S    AVERAGE  5.5 188
2026 07 05 20 26  0.8  0.6 14.3  0.6  9.1   S   S      SWELL  6.0 180
2026 07 05 19 56  0.8  0.5 13.3  0.6  9.9   S   S        N/A  5.7 174
2026 07 05 19 26  0.8  0.5 14.3  0.6  9.9   S   S        N/A  5.8 185
2026 07 05 18 56  0.8  0.6 18.2  0.6  9.1   S   S      SWELL  6.4 173
2026 07 05 18 26  0.8  0.6 13.3  0.5  9.1   S   S        N/A  6.7 177
2026 07 05 17 56  0.8  0.5 14.3  0.6  9.1   S   S        N/A  6.2 176
2026 07 05 17 26  0.8  0.6 13.3  0.5  9.9   S   S        N/A  7.2 171
2026 07 05 16 56  0.7  0.5 15.4  0.5  9.9 SSE   S        N/A  6.7 167
2026 07 05 16 26  0.8  0.6 18.2  0.5  9.9   S   S        N/A  6.8 174
2026 07 05 15 56  0.7  0.5 18.2  0.5  9.9 SSE SSW        N/A  6.3 149
2026 07 05 15 26  0.8  0.6 18.2  0.6  9.9   S   S      SWELL  6.7 185
2026 07 05 14 56  0.8  0.5 14.3  0.6  9.9   S   S        N/A  6.2 174
2026 07 05 14 26  0.7  0.5 14.3  0.5  9.9   S   S        N/A  6.1 174
2026 07 05 13 56  0.7  0.5 13.3  0.5  9.1   S   S        N/A  6.0 185
2026 07 05 13 26  0.7  0.5 14.3  0.5  9.9   S   S        N/A  6.3 181
2026 07 05 12 56  0.7  0.5 14.3  0.5  9.9   S   S        N/A  5.5 187
2026 07 05 12 26  0.8  0.6 14.3  0.5  9.9   S   S        N/A  6.2 174
2026 07 05 11 56  0.7  0.5 14.3  0.6  9.9   S   S        N/A  5.7 170
2026 07 05 11 26  0.8  0.5 14.3  0.6  9.9   S   S        N/A  5.5 180
2026 07 05 10 56  0.8  0.5 14.3  0.6  9.9   S   S        N/A  5.4 185
2026 07 05 10 26  0.8  0.5 14.3  0.6  9.9   S   S    AVERAGE  6.0 184
2026 07 05 09 56  0.8  0.6 14.3  0.6  9.9   S SSE      SWELL  6.2 180
2026 07 05 09 26  0.8  0.5 14.3  0.6  9.9 SSE   S    AVERAGE  6.0 160
2026 07 05 08 56  0.9  0.6 14.3  0.6  9.9   S   S      SWELL  6.5 180
2026 07 05 08 26  0.8  0.6 14.3  0.6  4.0   S WNW      SWELL  5.8 173
2026 07 05 07 56  0.9  0.6 15.4  0.6  9.9   S   S      SWELL  6.2 177
2026 07 05 07 26  0.9  0.6 14.3  0.6  3.9   S   W      SWELL  5.7 173
2026 07 05 06 56  0.8  0.5 14.3  0.7  3.9   S   W    AVERAGE  5.0 176
2026 07 05 06 26  0.9  0.6 14.3  0.7  9.9 SSW   S    AVERAGE  5.4 198
2026 07 05 05 56  0.9  0.5 14.3  0.7  9.9   S   S    AVERAGE  4.9 181
2026 07 05 05 26  0.9  0.5 14.3  0.7  9.9 SSE   S    AVERAGE  4.6 159
2026 07 05 04 56  0.9  0.5 14.3  0.8  3.6   S   W    AVERAGE  4.5 174
2026 07 05 04 26  0.9  0.6 15.4  0.7  3.5   S   W    AVERAGE  4.8 170
2026 07 05 03 56  0.9  0.5 14.3  0.8  3.6   S   W    AVERAGE  4.2 178
2026 07 05 03 26  0.9  0.6 14.3  0.7  3.5   S   W    AVERAGE  4.5 169
2026 07 05 02 56  0.9  0.5 14.3  0.7  9.9 SSE   S    AVERAGE  4.4 161
2026 07 05 02 26  0.9  0.6 14.3  0.7  9.9   S   S    AVERAGE  5.0 178
2026 07 05 01 56  0.8  0.6 14.3  0.6  9.9 SSE   S      SWELL  4.8 167
2026 07 05 01 26  0.9  0.6 15.4  0.6  9.9 SSE   S      SWELL  5.3 164
2026 07 05 00 56  0.9  0.6 14.3  0.6  9.9   S   S      SWELL  5.1 171
2026 07 05 00 26  0.9  0.6 15.4  0.6  9.9   S SSE      SWELL  5.1 173
2026 07 04 23 56  0.9  0.6 15.4  0.7  9.9   S   S    AVERAGE  4.8 177
2026 07 04 23 26  0.9  0.7 15.4  0.6  9.9   S   S      SWELL  5.7 180
2026 07 04 22 56  0.8  0.6 15.4  0.6  9.9   S   S      SWELL  5.3 178
2026 07 04 22 26  0.8  0.6 15.4  0.6  9.9   S   S      SWELL  5.6 173
2026 07 04 21 56  0.8  0.6 15.4  0.6  9.9 SSE   S        N/A  5.7 164
2026 07 04 21 26  0.8  0.6 14.3  0.5  9.9   S   S      SWELL  6.4 181
2026 07 04 20 56  0.7  0.5 14.3  0.5  9.9   S   S        N/A  5.8 180
2026 07 04 20 26  0.8  0.6 15.4  0.5  9.9   S   S        N/A  7.2 169
2026 07 04 19 56  0.7  0.5 15.4  0.5  9.9   S SSE        N/A  6.7 187
2026 07 04 19 26  0.8  0.6 14.3  0.4  9.9   S   S        N/A  8.1 176
2026 07 04 18 56  0.7  0.6 15.4  0.5  9.9   S   S        N/A  8.1 183
2026 07 04 18 26  0.8  0.6 15.4  0.5  9.9   S   S      SWELL  8.3 180
2026 07 04 17 56  0.7  0.5 15.4  0.5  9.9   S   S        N/A  7.5 170
2026 07 04 17 26  0.7  0.6 15.4  0.5  9.9 SSW   S        N/A  7.6 194
2026 07 04 16 56  0.8  0.7 15.4  0.5  9.9   S   S      SWELL  8.4 174
2026 07 04 16 26  0.8  0.7 15.4  0.5  9.9   S   S      SWELL  8.8 183
2026 07 04 15 56  0.8  0.6 15.4  0.5  9.9   S   S        N/A  8.4 187
2026 07 04 15 26  0.8  0.6 15.4  0.5  9.9   S   S        N/A  8.2 176
2026 07 04 14 56  0.7  0.5 14.3  0.5  9.9   S   S        N/A  7.4 181
2026 07 04 14 26  0.8  0.6 15.4  0.5  7.7   S   W        N/A  7.9 181
2026 07 04 13 56  0.8  0.6 15.4  0.5  9.9   S SSW        N/A  8.2 181
2026 07 04 13 26  0.8  0.6 15.4  0.5  9.9   S   S        N/A  7.9 183
2026 07 04 12 56  0.8  0.6 15.4  0.5  9.9   S   S        N/A  8.6 183
2026 07 04 12 26  0.9  0.7 15.4  0.5  9.9   S   S      SWELL  9.1 176
2026 07 04 11 56  0.8  0.6 15.4  0.5  9.9   S   S      SWELL  8.4 180
2026 07 04 11 26  0.8  0.6 15.4  0.5  9.9   S   S        N/A  7.7 184
2026 07 04 10 56  0.8  0.6 15.4  0.5  9.9   S   S        N/A  7.5 171
2026 07 04 10 26  0.8  0.6 15.4  0.6  9.9   S   S      SWELL  7.1 171
2026 07 04 09 56  0.8  0.6 15.4  0.6  9.9   S   S      SWELL  6.9 183
2026 07 04 09 26  0.9  0.6 15.4  0.6  9.9   S SSW      SWELL  6.8 178
2026 07 04 08 56  0.9  0.7 15.4  0.6  9.9   S   S      SWELL  6.8 171
2026 07 04 08 26  1.0  0.7 15.4  0.7  9.9   S   S      SWELL  6.6 176
2026 07 04 07 56  0.9  0.6 16.7  0.7  6.7   S WNW    AVERAGE  5.7 177
2026 07 04 07 26  1.0  0.6 15.4  0.7  6.2   S   W    AVERAGE  5.8 180
2026 07 04 06 56  0.9  0.6 15.4  0.7  6.7   S   W    AVERAGE  5.6 180
2026 07 04 06 26  1.0  0.7 14.3  0.8  9.9   S   S    AVERAGE  5.7 173
2026 07 04 05 56  1.0  0.6 16.7  0.8  3.7   S   W    AVERAGE  5.5 180
2026 07 04 05 26  1.0  0.7 15.4  0.8  3.3   S   W    AVERAGE  5.5 177
2026 07 04 04 56  1.0  0.6 15.4  0.8  7.1   S   W    AVERAGE  5.2 180
2026 07 04 04 26  1.0  0.6 16.7  0.8  3.3   S   W    AVERAGE  5.1 187
2026 07 04 03 56  1.1  0.7 16.7  0.8  9.9 SSW   S    AVERAGE  5.3 192
2026 07 04 03 26  1.0  0.6 16.7  0.8  7.1   S   W    AVERAGE  5.1 169
2026 07 04 02 56  1.0  0.6 15.4  0.8  5.3   S WNW    AVERAGE  4.9 188
2026 07 04 02 26  1.0  0.6 16.7  0.8  9.9   S   S    AVERAGE  4.9 187
2026 07 04 01 56  1.1  0.7 16.7  0.8  9.9   S SSW    AVERAGE  5.2 170
2026 07 04 01 26  1.1  0.7 16.7  0.8  3.7   S   W    AVERAGE  5.3 171
2026 07 04 00 56  1.2  0.8 16.7  0.9  4.0   S   W    AVERAGE  5.4 177
2026 07 04 00 26  1.1  0.7 16.7  0.9  3.3 SSE WNW    AVERAGE  5.1 167
2026 07 03 23 56  1.1  0.7 16.7  0.8  9.9   S SSW    AVERAGE  4.9 171
2026 07 03 23 26  1.0  0.7 16.7  0.7  9.9 SSE SSW      SWELL  5.6 152
2026 07 03 22 56  0.9  0.6 16.7  0.7  9.9   S SSW    AVERAGE  5.6 169
2026 07 03 22 26  0.9  0.7 16.7  0.6  9.9 SSE   S      SWELL  6.9 167
2026 07 03 21 56  0.9  0.7 16.7  0.6  9.9 SSW  SW      SWELL  7.3 195
2026 07 03 21 26  0.8  0.6 16.7  0.6  5.3   S WNW      SWELL  7.1 174
2026 07 03 20 56  0.9  0.7 16.7  0.6  5.3   S WNW      SWELL  8.0 180
2026 07 03 20 26  0.9  0.6 16.7  0.7  5.6   S WNW    AVERAGE  7.1 188
2026 07 03 19 56  0.9  0.6 15.4  0.7  5.0   S   W    AVERAGE  7.1 180
2026 07 03 19 26  0.9  0.6 16.7  0.6  5.6   S WNW      SWELL  7.0 177
2026 07 03 18 56  0.9  0.6 16.7  0.7  5.3   S   W    AVERAGE  6.8 181
2026 07 03 18 26  0.9  0.6 16.7  0.7  6.7   S   W    AVERAGE  6.5 184
2026 07 03 17 56  0.8  0.6 16.7  0.6  7.1   S WNW      SWELL  6.7 177
2026 07 03 17 26  0.9  0.6 16.7  0.7  5.0   S WNW    AVERAGE  6.7 177
2026 07 03 16 56  0.9  0.7 16.7  0.7  5.0   S WNW      SWELL  7.1 180
2026 07 03 16 26  0.9  0.6 16.7  0.7  5.3 SSW   W    AVERAGE  6.7 202
2026 07 03 15 56  0.8  0.5 15.4  0.6  5.0   S   W    AVERAGE  6.3 181
2026 07 03 15 26  0.9  0.6 16.7  0.6  5.6   S   W      SWELL  7.4 181
2026 07 03 14 56  0.8  0.5 16.7  0.6  9.9   S SSW    AVERAGE  6.7 190
2026 07 03 14 26  0.9  0.6 16.7  0.6  5.3   S WNW      SWELL  6.9 185
2026 07 03 13 56  0.8  0.5 16.7  0.6  5.3   S WNW    AVERAGE  6.4 184
2026 07 03 13 26  0.9  0.5 16.7  0.7  5.6   S WNW    AVERAGE  6.3 185
2026 07 03 12 56  0.9  0.5 16.7  0.7  5.0   S WNW    AVERAGE  6.2 187
2026 07 03 12 26  1.0  0.6 16.7  0.8  5.6 SSW WNW    AVERAGE  6.3 192
2026 07 03 11 56  1.0  0.6 16.7  0.8  5.0   S WNW    AVERAGE  6.1 174
2026 07 03 11 26  1.0  0.6 16.7  0.8  4.8   S WNW    AVERAGE  6.1 171
2026 07 03 10 56  1.0  0.6 16.7  0.8  5.3   S WNW    AVERAGE  6.3 174
2026 07 03 10 26  0.9  0.5 15.4  0.8  5.0   S WNW    AVERAGE  5.5 173
2026 07 03 09 56  1.0  0.6 15.4  0.8  5.0   S WNW    AVERAGE  5.6 180
2026 07 03 09 26  1.0  0.6 18.2  0.8  5.3   S WNW    AVERAGE  5.6 176
2026 07 03 08 56  1.0  0.6 18.2  0.8  5.3   S WNW    AVERAGE  5.4 190
2026 07 03 08 26  1.0  0.6 18.2  0.8  5.3   S WNW    AVERAGE  5.3 185
2026 07 03 07 56  1.0  0.5 18.2  0.8  4.8   S  NW    AVERAGE  4.9 178
2026 07 03 07 26  1.1  0.7 18.2  0.9  4.8   S WNW    AVERAGE  5.4 183
2026 07 03 06 56  1.0  0.5 15.4  0.8  4.3  SE WNW    AVERAGE  4.7 139
2026 07 03 06 26  1.0  0.6 18.2  0.8  4.2   S WNW    AVERAGE  5.2 178
2026 07 03 05 56  1.0  0.5 18.2  0.8  4.0 SSW WNW    AVERAGE  4.9 192
2026 07 03 05 26  1.0  0.6 18.2  0.8  3.9  SW WNW    AVERAGE  5.1 236
2026 07 03 04 56  1.0  0.5 15.4  0.8  3.9 SSE WNW    AVERAGE  4.6 159
2026 07 03 04 26  1.1  0.6 18.2  0.8  3.7   S WNW    AVERAGE  4.9 173
2026 07 03 03 56  1.0  0.5 18.2  0.9  4.0 SSW WNW    AVERAGE  4.5 201
2026 07 03 03 26  1.1  0.6 18.2  0.8  3.6   S WNW    AVERAGE  5.0 185
2026 07 03 02 56  1.0  0.5 18.2  0.8  3.6 SSE WNW    AVERAGE  4.3 157
2026 07 03 02 26  1.0  0.5 18.2  0.8  3.5   S WNW    AVERAGE  4.5 190
2026 07 03 01 56  1.0  0.6 18.2  0.8  3.6   S WNW    AVERAGE  4.9 187
2026 07 03 01 26  1.0  0.6 18.2  0.8  3.5   S   W    AVERAGE  4.7 178
2026 07 03 00 56  0.9  0.5 18.2  0.8  3.1   S WNW    AVERAGE  4.5 171
2026 07 03 00 26  1.0  0.6 18.2  0.8  3.5   S WNW    AVERAGE  4.7 170
2026 07 02 23 56  1.0  0.6 18.2  0.8  5.3   S WNW    AVERAGE  4.8 170
2026 07 02 23 26  0.9  0.6 16.7  0.7  5.0   S WNW    AVERAGE  4.9 184
2026 07 02 22 56  0.9  0.6 16.7  0.7  9.9 SSE  SW    AVERAGE  5.6 161
2026 07 02 22 26  0.9  0.6 18.2  0.7  5.9   S WNW    AVERAGE  6.2 177
2026 07 02 21 56  0.9  0.7 16.7  0.7  5.9 SSE WNW      SWELL  7.4 166
2026 07 02 21 26  0.9  0.6 18.2  0.7  9.9   S SSW    AVERAGE  7.4 171
2026 07 02 20 56  0.8  0.6 16.7  0.6  5.3   S WNW      SWELL  7.0 173
2026 07 02 20 26  0.9  0.6 15.4  0.7  9.9   S  SW    AVERAGE  7.4 178
2026 07 02 19 56  0.8  0.6 16.7  0.6  5.6   S   W      SWELL  7.1 173
2026 07 02 19 26  0.9  0.6 18.2  0.7  5.3   S WNW    AVERAGE  7.3 173
2026 07 02 18 56  0.9  0.6 16.7  0.6  5.9   S WNW      SWELL  7.5 176
2026 07 02 18 26  0.8  0.6 16.7  0.6  5.3   S WNW      SWELL  7.0 188
2026 07 02 17 56  0.8  0.5 16.7  0.6  7.1   S   W    AVERAGE  6.7 190
2026 07 02 17 26  0.8  0.6 16.7  0.6  6.2   S   W      SWELL  7.3 180
2026 07 02 16 56  0.8  0.6 16.7  0.6  5.0   S WNW      SWELL  7.0 190
2026 07 02 16 26  0.9  0.6 16.7  0.6  7.1   S   W      SWELL  7.6 180
2026 07 02 15 56  0.8  0.6 16.7  0.5  8.3   S   W        N/A  7.9 190
2026 07 02 15 26  0.7  0.5 16.7  0.5  9.9   S   W        N/A  7.7 187
2026 07 02 14 56  0.8  0.6 20.0  0.5  9.9   S   W        N/A  8.2 191
2026 07 02 14 26  0.7  0.5 16.7  0.5  9.9   S   W        N/A  7.9 174
2026 07 02 13 56  0.8  0.6 18.2  0.5  8.3   S   W      SWELL  8.6 171
2026 07 02 13 26  0.8  0.6 16.7  0.5  7.1 SSW   W        N/A  8.3 194
2026 07 02 12 56  0.8  0.6 20.0  0.5  9.9  SW WSW        N/A  9.0 222
2026 07 02 12 26  0.8  0.6 20.0  0.6  9.9   S   W        N/A  8.2 171
2026 07 02 11 56  0.8  0.5 20.0  0.5  9.9   S WSW        N/A  8.0 184
2026 07 02 11 26  0.7  0.5 20.0  0.5  9.1  SW   W        N/A  7.8 230
2026 07 02 10 56  0.7  0.5 16.7  0.5  8.3   S   W        N/A  7.7 180
2026 07 02 10 26  0.7  0.5 16.7  0.5  9.1   S WSW        N/A  8.0 181
2026 07 02 09 56  0.8  0.5 16.7  0.6  7.7   S   W        N/A  7.6 188
2026 07 02 09 26  0.8  0.5 16.7  0.6  9.1   S   W        N/A  7.3 178
2026 07 02 08 56  0.8  0.5 20.0  0.6  8.3 SSW   W        N/A  7.4 197
2026 07 02 08 26  0.8  0.6 16.7  0.6  9.9   S WSW      SWELL  7.5 184
2026 07 02 07 56  0.8  0.6 16.7  0.6  9.9   S WSW      SWELL  7.0 181
2026 07 02 07 26  0.8  0.5 16.7  0.6  9.9 SSW   W        N/A  6.6 198
2026 07 02 06 56  0.8  0.6 16.7  0.6  7.7 SSW   W      SWELL  7.1 201
2026 07 02 06 26  0.8  0.5 16.7  0.6  6.7   S   W        N/A  6.4 185
2026 07 02 05 56  0.8  0.5 16.7  0.6  7.1   S WNW    AVERAGE  6.3 177
2026 07 02 05 26  0.8  0.5 16.7  0.6  7.7 SSE   W    AVERAGE  6.3 157
2026 07 02 04 56  0.9  0.6 16.7  0.7  7.7   S   W    AVERAGE  6.2 178
2026 07 02 04 26  0.9  0.6 16.7  0.7  7.1 SSW   W    AVERAGE  5.9 195
2026 07 02 03 56  0.9  0.5 16.7  0.7  7.7 SSE   W    AVERAGE  5.4 167
2026 07 02 03 26  0.9  0.5 16.7  0.8  7.1   S   W    AVERAGE  5.2 188
2026 07 02 02 56  0.9  0.5 16.7  0.8  7.7   S   W    AVERAGE  5.0 176
2026 07 02 02 26  1.0  0.5 16.7  0.8  7.7 SSW   W    AVERAGE  5.4 201
2026 07 02 01 56  1.0  0.6 16.7  0.8  9.1 SSW   W    AVERAGE  5.2 195
2026 07 02 01 26  0.9  0.5 16.7  0.8  6.7   S   W    AVERAGE  5.0 191
2026 07 02 00 56  1.0  0.5 14.3  0.8  6.2   S   W    AVERAGE  4.9 170
2026 07 02 00 26  1.0  0.6 18.2  0.8  8.3   S   W    AVERAGE  5.3 171
2026 07 01 23 56  0.9  0.5 16.7  0.8  7.1   S   W    AVERAGE  5.3 184
2026 07 01 23 26  0.9  0.5 11.8  0.7  8.3   S   W    AVERAGE  5.5 190
2026 07 01 22 56  0.9  0.6 13.3  0.7  9.1   S   W    AVERAGE  5.8 176
2026 07 01 22 26  0.9  0.6 16.7  0.7  9.1   S   W    AVERAGE  5.6 171
2026 07 01 21 56  0.9  0.5 13.3  0.7  9.1   S   W    AVERAGE  5.8 178
2026 07 01 21 26  0.8  0.5 18.2  0.7  7.1   S   W    AVERAGE  5.8 177
2026 07 01 20 56  0.8  0.5 16.7  0.6  6.7 SSW WNW    AVERAGE  6.5 199
2026 07 01 20 26  0.9  0.6 16.7  0.7  6.2   S   W    AVERAGE  7.4 173
2026 07 01 19 56  0.8  0.6 16.7  0.6  8.3   S   W      SWELL  7.4 191
2026 07 01 19 26  0.8  0.5 13.3  0.6  9.1   S   W        N/A  7.3 178
2026 07 01 18 56  0.8  0.5 16.7  0.6  6.2 SSW   W    AVERAGE  7.2 195
2026 07 01 18 26  0.8  0.5 13.3  0.6  8.3   S   W    AVERAGE  7.2 178
2026 07 01 17 56  0.8  0.6 16.7  0.6  5.6   S WNW      SWELL  7.4 187
2026 07 01 17 26  0.8  0.6 16.7  0.6  7.1   S   W      SWELL  7.2 184
2026 07 01 16 56  0.8  0.5 16.7  0.6  6.7   S   W        N/A  7.2 185
2026 07 01 16 26  0.8  0.5 18.2  0.6  5.9   S   W        N/A  7.0 184
2026 07 01 15 56  0.8  0.5 18.2  0.6  7.1 SSW   W        N/A  7.6 192
2026 07 01 15 26  0.7  0.5 14.3  0.5  8.3   S   W        N/A  7.3 178
2026 07 01 14 56  0.7  0.5 18.2  0.5  9.1 SSW WSW        N/A  8.0 192
2026 07 01 14 26  0.7  0.5 15.4  0.5  9.9   S   W        N/A  7.1 176
2026 07 01 13 56  0.7  0.5 18.2  0.5  7.7 SSW   W        N/A  7.4 192
2026 07 01 13 26  0.7  0.5 16.7  0.6  8.3 SSW   W        N/A  7.1 206
2026 07 01 12 56  0.8  0.5 18.2  0.6  9.9   S WSW        N/A  6.8 177
2026 07 01 12 26  0.8  0.6 18.2  0.6  9.9 SSW WSW      SWELL  7.3 198
2026 07 01 11 56  0.8  0.6 14.3  0.7  9.1   S   W    AVERAGE  7.5 180
2026 07 01 11 26  0.8  0.5 14.3  0.7  9.1   S   W    AVERAGE  7.6 180
2026 07 01 10 56  0.8  0.5 18.2  0.7  9.9   S   W    AVERAGE  7.5 191
2026 07 01 10 26  0.8  0.6 18.2  0.6  9.1   S   W        N/A  7.8 184
2026 07 01 09 56  0.8  0.5 18.2  0.6  9.9 SSW WSW        N/A  7.2 212
2026 07 01 09 26  0.9  0.6 14.3  0.6  7.7   S   W      SWELL  7.7 171
2026 07 01 08 56  0.8  0.6 18.2  0.6  8.3 SSW   W      SWELL  7.4 194
2026 07 01 08 26  0.8  0.5 18.2  0.6  7.7   S   W        N/A  6.4 184
2026 07 01 07 56  0.8  0.5 18.2  0.7  8.3   S   W    AVERAGE  6.8 180
2026 07 01 07 26  0.8  0.5 14.3  0.7  6.7   S   W    AVERAGE  6.3 176
2026 07 01 06 56  0.9  0.6 14.3  0.7  7.1   S   W    AVERAGE  6.4 177
2026 07 01 06 26  0.9  0.6 18.2  0.7  8.3 SSW   W    AVERAGE  6.3 201
2026 07 01 05 56  0.9  0.6 15.4  0.7  7.1 SSE   W    AVERAGE  6.4 164
2026 07 01 05 26  0.9  0.5 15.4  0.7  8.3 SSE   W    AVERAGE  6.0 166
2026 07 01 04 56  0.9  0.6 18.2  0.7  9.1  SE   W    AVERAGE  6.3 143
2026 07 01 04 26  0.9  0.6 15.4  0.7  7.7   S   W    AVERAGE  6.0 176
2026 07 01 03 56  0.9  0.5 18.2  0.7  8.3 SSE   W    AVERAGE  5.6 164
2026 07 01 03 26  0.9  0.5 15.4  0.8  6.2   S   W    AVERAGE  5.5 183
2026 07 01 02 56  1.0  0.6 18.2  0.8  7.1   S   W    AVERAGE  5.7 173
2026 07 01 02 26  1.0  0.6 18.2  0.8  8.3   S   W    AVERAGE  5.3 181
2026 07 01 01 56  1.0  0.5 15.4  0.8  9.1   S WSW    AVERAGE  5.3 177
2026 07 01 01 26  1.0  0.6 18.2  0.9  7.7 WSW   W    AVERAGE  5.2 242
2026 07 01 00 56  1.0  0.6 14.3  0.8  9.1   S WSW    AVERAGE  5.3 185
2026 07 01 00 26  1.0  0.5 15.4  0.9  7.7   S   W    AVERAGE  4.9 185
2026 06 30 23 56  1.0  0.6 14.3  0.8  7.7   S   W    AVERAGE  5.4 176
2026 06 30 23 26  1.0  0.6 15.4  0.8  9.9   S WSW    AVERAGE  5.4 176
2026 06 30 22 56  1.0  0.6 14.3  0.8  9.9   S WSW    AVERAGE  5.4 185
2026 06 30 22 26  0.9  0.6 15.4  0.7  9.9   S WSW    AVERAGE  5.6 184
2026 06 30 21 56  0.8  0.5 15.4  0.7  9.9  SE   W    AVERAGE  5.1 131
2026 06 30 21 26  1.0  0.6 15.4  0.8  5.6 SSE   W    AVERAGE  5.6 164
2026 06 30 20 56  0.9  0.6 14.3  0.7  9.1   S   W    AVERAGE  5.6 176
2026 06 30 20 26  0.9  0.6 14.3  0.7  5.3 SSE   W    AVERAGE  5.8 160
2026 06 30 19 56  0.9  0.5 15.4  0.7  9.1   S   W    AVERAGE  5.6 169
2026 06 30 19 26  0.9  0.6 14.3  0.7  6.2   S WNW    AVERAGE  5.9 177
2026 06 30 18 56  0.9  0.6 15.4  0.7  9.9   S   W    AVERAGE  6.2 174
2026 06 30 18 26  0.9  0.6 14.3  0.7  9.1   S   W    AVERAGE  5.9 176
2026 06 30 17 56  0.9  0.6 15.4  0.7  5.3   S WNW    AVERAGE  5.9 177
2026 06 30 17 26  0.9  0.5 15.4  0.7  9.9 SSW   W    AVERAGE  6.0 201
2026 06 30 16 56  0.8  0.5 15.4  0.7  5.0   S WNW    AVERAGE  5.5 181
2026 06 30 16 26  0.9  0.5 16.7  0.7  5.6 SSW WNW    AVERAGE  5.7 209
2026 06 30 15 56  0.9  0.5 15.4  0.8  5.6   S WNW    AVERAGE  5.6 174
2026 06 30 15 26  0.9  0.5 14.3  0.8  5.3 SSE WNW    AVERAGE  5.3 160
2026 06 30 14 56  1.0  0.5 15.4  0.9  5.9   S WNW    AVERAGE  5.4 169
2026 06 30 14 26  1.0  0.4 14.3  0.9  5.9 SSE WNW      STEEP  5.4 282
2026 06 30 13 56  1.0  0.5 14.3  0.8  6.2   S   W      STEEP  5.9 281
2026 06 30 13 26  1.0  0.5 16.7  0.9  5.6   S WNW    AVERAGE  6.4 178
2026 06 30 12 56  0.9  0.4 14.3  0.8  9.1   S   W    AVERAGE  6.3 267
2026 06 30 12 26  0.9  0.5 16.7  0.8  7.7   S   W    AVERAGE  6.4 181
2026 06 30 11 56  1.0  0.5 14.3  0.8  6.2   S   W    AVERAGE  6.6 181
2026 06 30 11 26  0.9  0.5 14.3  0.7  9.1   S   W    AVERAGE  7.1 173
2026 06 30 10 56  0.8  0.5 15.4  0.7  8.3   S   W    AVERAGE  7.4 174
2026 06 30 10 26  0.9  0.6 16.7  0.7  9.9   S   W    AVERAGE  7.8 178
2026 06 30 09 56  0.9  0.6 14.3  0.7  9.1   S   W    AVERAGE  7.4 174
2026 06 30 09 26  0.8  0.6 16.7  0.6  9.9   S WSW      SWELL  7.5 178
2026 06 30 08 56  0.8  0.5 14.3  0.7  9.9   S   W    AVERAGE  7.2 177
2026 06 30 08 26  0.8  0.5 14.3  0.7  6.7   S   W    AVERAGE  6.9 176
2026 06 30 07 56  0.8  0.6 15.4  0.6  9.9   S WSW      SWELL  7.5 183
2026 06 30 07 26  0.8  0.5 14.3  0.6  7.1   S   W        N/A  6.9 177
2026 06 30 06 56  0.9  0.6 14.3  0.7  9.9   S WSW    AVERAGE  7.0 173
2026 06 30 06 26  0.8  0.5 14.3  0.7  9.1   S   W    AVERAGE  6.6 169
2026 06 30 05 56  0.9  0.5 14.3  0.7  6.7   S   W    AVERAGE  6.7 171
2026 06 30 05 26  0.9  0.6 15.4  0.7  9.1   S   W    AVERAGE  7.2 171
2026 06 30 04 56  0.9  0.6 15.4  0.7  6.2   S   W    AVERAGE  6.8 173
2026 06 30 04 26  0.9  0.6 14.3  0.7  7.7   S   W    AVERAGE  6.9 174
2026 06 30 03 56  0.8  0.5 14.3  0.7  7.1   S   W    AVERAGE  6.7 178
2026 06 30 03 26  0.8  0.5 14.3  0.7  6.7   S   W    AVERAGE  6.6 170
2026 06 30 02 56  0.9  0.5 14.3  0.7  9.9 WSW   W    AVERAGE  6.4 251
2026 06 30 02 26  0.9  0.5 14.3  0.7  9.1 SSE   W    AVERAGE  6.7 167
2026 06 30 01 56  0.9  0.6 14.3  0.7  9.1   S   W    AVERAGE  7.1 180
2026 06 30 01 26  0.9  0.6 14.3  0.7  9.9 SSE   W    AVERAGE  7.0 163
2026 06 30 00 56  0.9  0.5 14.3  0.7  7.7   S   W    AVERAGE  6.2 180
2026 06 30 00 26  0.9  0.6 14.3  0.8  9.9 SSE   W    AVERAGE  6.9 166
2026 06 29 23 56  0.9  0.6 14.3  0.8  9.1   S   W    AVERAGE  6.8 177
2026 06 29 23 26  1.0  0.6 15.4  0.8  9.1   S   W    AVERAGE  6.8 176
2026 06 29 22 56  0.9  0.6 15.4  0.7  6.2   S   W    AVERAGE  6.6 180
2026 06 29 22 26  0.9  0.5 14.3  0.8  9.1   S   W    AVERAGE  6.3 271
2026 06 29 21 56  1.0  0.6 15.4  0.8  7.7   S   W    AVERAGE  6.9 169
2026 06 29 21 26  0.9  0.5 14.3  0.8  7.1 SSE   W    AVERAGE  6.4 164
2026 06 29 20 56  1.0  0.5 15.4  0.8  9.1   S   W    AVERAGE  6.5 178
2026 06 29 20 26  0.9  0.5 14.3  0.8  9.1   S WNW    AVERAGE  6.1 169
2026 06 29 19 56  1.1  0.6 15.4  0.9  9.1   S WNW    AVERAGE  6.4 176
2026 06 29 19 26  1.1  0.5 15.4  0.9  9.1   S WNW    AVERAGE  6.4 181
2026 06 29 18 56  1.1  0.5 14.3  0.9  6.2 SSE   W    AVERAGE  6.1 166
2026 06 29 18 26  1.1  0.6 15.4  1.0  7.1   S   W    AVERAGE  6.2 187
2026 06 29 17 56  1.1  0.5 15.4  1.0  5.9 SSE   W    AVERAGE  6.0 166
2026 06 29 17 26  1.2  0.6 15.4  1.0  9.9   S WNW    AVERAGE  6.1 183
2026 06 29 16 56  1.1  0.5 14.3  0.9  7.1   S   W    AVERAGE  6.2 170
2026 06 29 16 26  1.1  0.5 15.4  1.0  6.7   S   W    AVERAGE  6.2 184
2026 06 29 15 56  1.0  0.5 15.4  0.9  7.7   S WNW    AVERAGE  6.2 176
2026 06 29 15 26  1.1  0.5 15.4  1.0  7.7   S   W    AVERAGE  6.4 184
2026 06 29 14 56  1.1  0.5 15.4  0.9  5.9   S   W    AVERAGE  6.5 177
2026 06 29 14 26  1.0  0.4 14.3  0.9  5.9   S   W    AVERAGE  6.1 178
2026 06 29 13 56  1.1  0.5 16.7  1.0  6.7   S   W    AVERAGE  6.4 181
2026 06 29 13 26  1.1  0.5 15.4  0.9  6.7   S   W    AVERAGE  6.4 173
2026 06 29 12 56  1.0  0.5 15.4  0.9  6.7   S   W    AVERAGE  6.1 184
2026 06 29 12 26  1.1  0.5 14.3  1.0  7.1   S   W    AVERAGE  6.3 184
2026 06 29 11 56  1.1  0.5 15.4  1.0  6.2   S   W    AVERAGE  6.4 191
2026 06 29 11 26  1.1  0.5 15.4  1.0  6.7   S   W    AVERAGE  6.3 187
2026 06 29 10 56  1.1  0.5 15.4  1.0  6.2   S   W    AVERAGE  6.5 188
2026 06 29 10 26  1.1  0.5 16.7  1.0  6.2   S   W      STEEP  6.3 275
2026 06 29 09 56  1.1  0.5 15.4  1.0  6.7   S   W    AVERAGE  6.5 181
2026 06 29 09 26  1.2  0.6 15.4  1.0  6.2   S   W      STEEP  6.5 281
2026 06 29 08 56  1.1  0.6 15.4  0.9  5.9   S   W    AVERAGE  6.7 183
2026 06 29 08 26  1.1  0.5 15.4  0.9  5.9   S   W    AVERAGE  6.4 178
2026 06 29 07 56  1.0  0.6 15.4  0.8  5.9   S   W    AVERAGE  6.3 176
2026 06 29 07 26  1.0  0.5 15.4  0.9  6.7   S   W    AVERAGE  6.2 277
2026 06 29 06 56  1.0  0.5 15.4  0.9  6.2 SSE   W    AVERAGE  6.1 161
2026 06 29 06 26  1.1  0.6 15.4  0.9  6.7   S   W    AVERAGE  6.5 176
2026 06 29 05 56  1.1  0.7 15.4  0.9  5.9   S   W    AVERAGE  6.8 176
2026 06 29 05 26  1.0  0.5 15.4  0.9  6.2   S   W    AVERAGE  6.0 184
2026 06 29 04 56  1.1  0.6 15.4  0.9  6.7   S   W    AVERAGE  6.4 173
2026 06 29 04 26  1.0  0.5 15.4  0.9  8.3   S   W    AVERAGE  5.9 176
2026 06 29 03 56  1.1  0.6 15.4  0.9  6.7   S   W    AVERAGE  5.9 176
2026 06 29 03 26  1.0  0.5 15.4  0.8  6.7 SSE   W    AVERAGE  5.4 166
2026 06 29 02 56  1.0  0.6 16.7  0.8  6.7   S   W    AVERAGE  5.5 180
2026 06 29 02 26  1.0  0.6 15.4  0.8  6.7   S   W    AVERAGE  5.6 174
2026 06 29 01 56  1.0  0.6 15.4  0.8  6.2 SSE   W    AVERAGE  5.6 163
2026 06 29 01 26  1.0  0.6 15.4  0.8  6.2   S   W    AVERAGE  5.8 173
2026 06 29 00 56  1.1  0.6 15.4  0.8  5.9   S   W    AVERAGE  6.2 169
2026 06 29 00 26  1.0  0.5 16.7  0.8  5.9   S   W    AVERAGE  6.0 176
2026 06 28 23 56  1.1  0.6 15.4  0.9  7.1   S   W    AVERAGE  6.7 178
2026 06 28 23 26  0.9  0.5 15.4  0.8  5.9 SSE   W    AVERAGE  6.2 160
2026 06 28 22 56  1.1  0.6 15.4  0.9  6.7   S   W    AVERAGE  6.2 177
2026 06 28 22 26  1.1  0.6 15.4  0.9  6.2   S   W    AVERAGE  6.0 180
2026 06 28 21 56  1.1  0.6 15.4  0.9  6.2   S   W    AVERAGE  6.2 188
2026 06 28 21 26  1.1  0.6 16.7  0.9  6.7   S   W    AVERAGE  6.3 185
2026 06 28 20 56  1.1  0.6 15.4  0.9  6.7   S   W    AVERAGE  6.5 184
2026 06 28 20 26  1.2  0.6 16.7  1.0  6.7   S WNW    AVERAGE  6.4 187
2026 06 28 19 56  1.2  0.6 16.7  1.0  7.1   S   W    AVERAGE  6.2 178
2026 06 28 19 26  1.2  0.6 16.7  1.1  6.7   S   W    AVERAGE  6.2 184
2026 06 28 18 56  1.2  0.6 16.7  1.0  6.2   S   W    AVERAGE  6.1 183
2026 06 28 18 26  1.2  0.6 15.4  1.1  6.2   S   W      STEEP  5.9 278
2026 06 28 17 56  1.4  0.6 15.4  1.3  7.1   S   W      STEEP  6.2 277
2026 06 28 17 26  1.4  0.6 16.7  1.2  7.1   S   W      STEEP  6.2 273
2026 06 28 16 56  1.3  0.6 15.4  1.2  6.7   S   W    AVERAGE  6.3 191
2026 06 28 16 26  1.6  0.7 16.7  1.4  7.1   S   W      STEEP  6.7 275
2026 06 28 15 56  1.4  0.6 16.7  1.3  7.7 SSW   W    AVERAGE  6.7 274
2026 06 28 15 26  1.5  0.6 15.4  1.3  7.1   S   W      STEEP  6.9 271
2026 06 28 14 56  1.4  0.6 16.7  1.3  6.7   S   W      STEEP  6.6 275
2026 06 28 14 26  1.5  0.6 16.7  1.3  7.1   S   W    AVERAGE  6.5 177
2026 06 28 13 56  1.4  0.6 16.7  1.3  7.1   S   W      STEEP  6.5 273
2026 06 28 13 26  1.5  0.6 16.7  1.4  7.1   S   W      STEEP  6.3 273
2026 06 28 12 56  1.4  0.6 15.4  1.3  7.1   S   W      STEEP  6.5 273
2026 06 28 12 26  1.4  0.6 16.7  1.3  6.7   S   W      STEEP  6.3 273
2026 06 28 11 56  1.4  0.6 16.7  1.2  7.1   S   W      STEEP  6.2 273
2026 06 28 11 26  1.5  0.6 16.7  1.4  7.1   S   W      STEEP  6.1 270
2026 06 28 10 56  1.5  0.6 16.7  1.3  6.7   S   W      STEEP  6.0 274
2026 06 28 10 26  1.5  0.7 16.7  1.3  6.2   S   W    AVERAGE  6.1 191
2026 06 28 09 56  1.4  0.6 16.7  1.3  7.1 SSW   W      STEEP  5.8 271
2026 06 28 09 26  1.4  0.7 16.7  1.3  7.1   S   W    AVERAGE  5.7 184
2026 06 28 08 56  1.4  0.6 16.7  1.3  6.7 SSE   W      STEEP  5.6 271
2026 06 28 08 26  1.4  0.6 16.7  1.2  6.2 SSW   W    AVERAGE  5.6 199
2026 06 28 07 56  1.4  0.6 16.7  1.2  5.9   S   W    AVERAGE  5.5 178
2026 06 28 07 26  1.2  0.6 16.7  1.1  5.6   S   W    AVERAGE  5.5 174
2026 06 28 06 56  1.3  0.6 16.7  1.1  5.9   S   W      STEEP  5.6 273
2026 06 28 06 26  1.2  0.7 16.7  1.0  5.9   S   W    AVERAGE  6.2 174
2026 06 28 05 56  1.1  0.7 16.7  0.9  5.9   S   W    AVERAGE  5.9 174
2026 06 28 05 26  1.1  0.7 15.4  0.8  5.3   S   W    AVERAGE  6.0 177
2026 06 28 04 56  1.1  0.7 16.7  0.8  5.6   S   W    AVERAGE  6.0 169
2026 06 28 04 26  1.0  0.7 12.5  0.8  6.2 SSE WNW    AVERAGE  5.7 164
2026 06 28 03 56  1.0  0.6 16.7  0.7  6.2   S   W    AVERAGE  5.6 171
2026 06 28 03 26  1.0  0.6 16.7  0.8  5.6   S   W    AVERAGE  5.3 183
2026 06 28 02 56  1.0  0.6 16.7  0.7  6.2 SSW   W    AVERAGE  5.6 198
2026 06 28 02 26  0.9  0.7 16.7  0.7  6.2 SSE   W      SWELL  5.8 166
2026 06 28 01 56  1.0  0.7 14.3  0.7  5.6   S   W      SWELL  5.6 177
2026 06 28 01 26  1.0  0.6 18.2  0.8  5.9   S   W    AVERAGE  5.2 177
2026 06 28 00 56  0.9  0.6 15.4  0.7  5.9   S WNW    AVERAGE  5.6 184
2026 06 28 00 26  0.9  0.6 18.2  0.7  6.2 SSE   W    AVERAGE  6.0 163
2026 06 27 23 56  0.9  0.5 15.4  0.7  6.7   S   W    AVERAGE  6.2 176
2026 06 27 23 26  0.9  0.6 15.4  0.7  6.2   S   W    AVERAGE  6.2 177
2026 06 27 22 56  0.9  0.6 16.7  0.7  6.2   S   W    AVERAGE  6.5 174
2026 06 27 22 26  0.9  0.6 14.3  0.7  6.2   S   W    AVERAGE  6.8 180
2026 06 27 21 56  0.9  0.5 15.4  0.7  6.2   S WNW    AVERAGE  6.3 180
2026 06 27 21 26  0.9  0.6 16.7  0.7  5.6   S WNW    AVERAGE  6.5 184
2026 06 27 20 56  0.9  0.6 15.4  0.7  5.9   S   W    AVERAGE  6.8 173
2026 06 27 20 26  0.9  0.6 16.7  0.7  6.2   S   W    AVERAGE  6.5 180
2026 06 27 19 56  0.9  0.6 15.4  0.7  5.9   S   W    AVERAGE  6.8 174
2026 06 27 19 26  0.9  0.6 15.4  0.7  5.9   S WNW    AVERAGE  6.6 173
2026 06 27 18 56  0.9  0.6 15.4  0.7  6.2   S   W    AVERAGE  6.6 176
2026 06 27 18 26  1.0  0.6 14.3  0.8  5.9   S WNW    AVERAGE  6.6 176
2026 06 27 17 56  1.1  0.7 14.3  0.8  6.7   S   W    AVERAGE  6.8 174
2026 06 27 17 26  1.1  0.6 15.4  0.8  5.9   S WNW    AVERAGE  6.7 174
2026 06 27 16 56  1.0  0.6 14.3  0.8  6.2   S   W    AVERAGE  6.4 174
2026 06 27 16 26  1.0  0.6 16.7  0.8  6.2   S WNW    AVERAGE  6.8 180
2026 06 27 15 56  1.0  0.6 14.3  0.8  6.2   S WNW    AVERAGE  6.7 180
2026 06 27 15 26  1.0  0.6 15.4  0.8  6.7   S WNW    AVERAGE  6.7 171
2026 06 27 14 56  1.1  0.6 16.7  0.8  6.7   S   W    AVERAGE  7.0 174
2026 06 27 14 26  1.0  0.6 16.7  0.8  5.6   S WNW    AVERAGE  6.9 178
2026 06 27 13 56  1.0  0.6 15.4  0.8  6.2   S WNW    AVERAGE  6.8 173
2026 06 27 13 26  1.0  0.6 15.4  0.8  5.6 SSW   W    AVERAGE  6.6 198
2026 06 27 12 56  1.0  0.6 14.3  0.8  5.6   S   W    AVERAGE  6.7 184
2026 06 27 12 26  0.9  0.6 15.4  0.7  5.3   S   W    AVERAGE  6.7 188
2026 06 27 11 56  0.9  0.5 14.3  0.7  5.6   S   W    AVERAGE  6.3 181
2026 06 27 11 26  1.0  0.6 14.3  0.8  5.6   S   W    AVERAGE  6.6 180
2026 06 27 10 56  1.0  0.6 16.7  0.8  5.3   S   W    AVERAGE  6.5 181
2026 06 27 10 26  0.9  0.6 14.3  0.7  5.6   S   W    AVERAGE  6.8 181
2026 06 27 09 56  0.9  0.6 13.3  0.6  5.9   S   W      SWELL  7.2 174
2026 06 27 09 26  0.8  0.5 15.4  0.6  5.3   S   W    AVERAGE  7.1 183
2026 06 27 08 56  0.8  0.6 15.4  0.6  6.7   S   W      SWELL  7.3 176
2026 06 27 08 26  0.8  0.6 15.4  0.6  7.7   S   W      SWELL  7.2 183
2026 06 27 07 56  0.9  0.7 15.4  0.6  6.2   S   W      SWELL  7.6 176
2026 06 27 07 26  0.9  0.7 15.4  0.6  5.6   S   W      SWELL  7.6 174
2026 06 27 06 56  0.8  0.6 14.3  0.6  5.9   S WNW      SWELL  7.1 174
2026 06 27 06 26  0.9  0.6 15.4  0.6  6.2   S   W      SWELL  7.2 176
2026 06 27 05 56  0.8  0.6 14.3  0.6  5.9   S   W      SWELL  6.7 176
2026 06 27 05 26  0.9  0.6 15.4  0.6  5.9   S   W      SWELL  6.6 174
2026 06 27 04 56  0.9  0.6 15.4  0.6  6.2 SSE   W      SWELL  6.2 166
2026 06 27 04 26  0.8  0.6 14.3  0.6  5.9 SSE   W      SWELL  5.8 163
2026 06 27 03 56  0.8  0.5 14.3  0.6  6.7   S   W        N/A  5.3 174
2026 06 27 03 26  0.8  0.6 15.4  0.6  6.2   S WNW      SWELL  5.4 177
2026 06 27 02 56  0.8  0.5 14.3  0.6  7.1   S WNW        N/A  4.7 181
2026 06 27 02 26  0.8  0.5 15.4  0.6  7.7 SSW WNW    AVERAGE  4.8 194
2026 06 27 01 56  0.9  0.6 15.4  0.6  3.1   S   W      SWELL  5.2 181
2026 06 27 01 26  0.8  0.5 14.3  0.6  3.1   S WNW    AVERAGE  4.8 176
2026 06 27 00 56  0.9  0.6 15.4  0.6  2.9   S WNW      SWELL  5.2 173
2026 06 27 00 26  0.8  0.5 14.3  0.6  2.9   S WNW    AVERAGE  4.7 173
